country,country_name,gdp_sa,n,t0,t1,emp_source
USA,United States,SA,306,1950-Q1,2026-Q2,ILOSTAT EMP_TEMP_SEX_AGE_NB quarterly (official)
KOR,"Korea, Republic of",SA,242,1966-Q1,2026-Q2,ILOSTAT EMP_TEMP_SEX_AGE_NB quarterly (official)
CAN,Canada,SA,202,1976-Q1,2026-Q2,ILOSTAT EMP_TEMP_SEX_AGE_NB quarterly (official)
AUS,Australia,SA,192,1978-Q2,2026-Q1,ILOSTAT EMP_TEMP_SEX_AGE_NB quarterly (official)
NZL,New Zealand,SA,156,1987-Q2,2026-Q1,ILOSTAT EMP_TEMP_SEX_AGE_NB quarterly (official)
NOR,Norway,SA,139,1990-Q1,2026-Q1,ILOSTAT EMP_TEMP_SEX_AGE_NB quarterly (official)
SWE,Sweden,SA,133,1993-Q1,2026-Q1,ILOSTAT EMP_TEMP_SEX_AGE_NB quarterly (official)
JPN,Japan,SA,130,1994-Q1,2026-Q2,ILOSTAT EMP_TEMP_SEX_AGE_NB quarterly (official)
SVK,Slovak Republic,SA,125,1995-Q1,2026-Q1,ILOSTAT EMP_TEMP_SEX_AGE_NB quarterly (official)
ESP,Spain,SA,125,1995-Q1,2026-Q1,ILOSTAT EMP_TEMP_SEX_AGE_NB quarterly (official)
CZE,Czech Republic,SA,125,1995-Q1,2026-Q1,ILOSTAT EMP_TEMP_SEX_AGE_NB quarterly (official)
HUN,Hungary,SA,122,1995-Q1,2026-Q1,ILOSTAT EMP_TEMP_SEX_AGE_NB quarterly (official)
PRT,Portugal,SA,121,1995-Q2,2026-Q1,ILOSTAT EMP_TEMP_SEX_AGE_NB quarterly (official)
ISR,Israel,SA,120,1995-Q1,2024-Q4,ILOSTAT EMP_TEMP_SEX_AGE_NB quarterly (official)
ITA,Italy,SA,117,1996-Q2,2026-Q1,ILOSTAT EMP_TEMP_SEX_AGE_NB quarterly (official)
FIN,Finland,SA,116,1995-Q2,2026-Q1,ILOSTAT EMP_TEMP_SEX_AGE_NB quarterly (official)
GRC,Greece,SA,116,1995-Q2,2026-Q1,ILOSTAT EMP_TEMP_SEX_AGE_NB quarterly (official)
SVN,"Slovenia, Republic of",SA,114,1996-Q2,2026-Q1,ILOSTAT EMP_TEMP_SEX_AGE_NB quarterly (official)
BEL,Belgium,SA,113,1995-Q2,2026-Q1,ILOSTAT EMP_TEMP_SEX_AGE_NB quarterly (official)
FRA,France,SA,113,1983-Q1,2026-Q1,ILOSTAT EMP_TEMP_SEX_AGE_NB quarterly (official)
AUT,Austria,SA,113,1995-Q1,2026-Q1,ILOSTAT EMP_TEMP_SEX_AGE_NB quarterly (official)
DNK,Denmark,SA,113,1995-Q2,2026-Q1,ILOSTAT EMP_TEMP_SEX_AGE_NB quarterly (official)
IRL,Ireland,SA,112,1995-Q2,2026-Q1,ILOSTAT EMP_TEMP_SEX_AGE_NB quarterly (official)
ROU,Romania,SA,111,1997-Q2,2026-Q1,ILOSTAT EMP_TEMP_SEX_AGE_NB quarterly (official)
MEX,Mexico,SA,110,1995-Q2,2026-Q2,ILOSTAT EMP_TEMP_SEX_AGE_NB quarterly (official)
LVA,"Latvia, Republic of",SA,109,1996-Q2,2026-Q1,ILOSTAT EMP_TEMP_SEX_AGE_NB quarterly (official)
NLD,"Netherlands, The",SA,109,1996-Q2,2026-Q1,ILOSTAT EMP_TEMP_SEX_AGE_NB quarterly (official)
EST,"Estonia, Republic of",SA,108,1997-Q2,2026-Q1,ILOSTAT EMP_TEMP_SEX_AGE_NB quarterly (official)
BGR,Bulgaria,SA,105,2000-Q1,2026-Q1,ILOSTAT EMP_TEMP_SEX_AGE_NB quarterly (official)
LTU,"Lithuania, Republic of",SA,105,1998-Q2,2026-Q1,ILOSTAT EMP_TEMP_SEX_AGE_NB quarterly (official)
POL,"Poland, Republic of",SA,105,2000-Q1,2026-Q1,ILOSTAT EMP_TEMP_SEX_AGE_NB quarterly (official)
HRV,"Croatia, Republic of",SA,105,1998-Q1,2026-Q1,ILOSTAT EMP_TEMP_SEX_AGE_NB quarterly (official)
MLT,Malta,SA,103,2000-Q2,2026-Q1,ILOSTAT EMP_TEMP_SEX_AGE_NB quarterly (official)
HND,Honduras,SA,102,2000-Q1,2025-Q2,"ILOSTAT EMP_TEMP_SEX_AGE_NB annual (official); linear interpolation of annual to quarter midpoints (annual at y+0.5, quarter at y+(q-0.5)/4; no extrapolation)"
LUX,Luxembourg,SA,101,1995-Q2,2026-Q1,ILOSTAT EMP_TEMP_SEX_AGE_NB quarterly (official)
ISL,Iceland,SA,100,1995-Q2,2025-Q4,ILOSTAT EMP_TEMP_SEX_AGE_NB quarterly (official)
PHL,Philippines,SA,99,2000-Q1,2024-Q4,ILOSTAT EMP_TEMP_SEX_AGE_NB quarterly (official)
DEU,Germany,SA,95,1991-Q2,2026-Q1,ILOSTAT EMP_TEMP_SEX_AGE_NB quarterly (official)
CYP,Cyprus,SA,93,1999-Q2,2026-Q1,ILOSTAT EMP_TEMP_SEX_AGE_NB quarterly (official)
MKD,"North Macedonia, Republic of",SA,89,2004-Q1,2026-Q1,ILOSTAT EMP_TEMP_SEX_AGE_NB quarterly (official)
ZAF,South Africa,SA,86,2000-Q1,2025-Q2,ILOSTAT EMP_TEMP_SEX_AGE_NB quarterly (official)
GBR,United Kingdom,SA,85,2005-Q1,2026-Q1,ILOSTAT EMP_TEMP_SEX_AGE_NB quarterly (official)
ARG,Argentina,SA,84,2004-Q1,2025-Q4,ILOSTAT EMP_TEMP_SEX_AGE_NB quarterly (official)
TUR,"Türkiye, Republic of",SA,81,2006-Q1,2026-Q1,ILOSTAT EMP_TEMP_SEX_AGE_NB quarterly (official)
JAM,Jamaica,SA,80,2000-Q1,2023-Q4,ILOSTAT EMP_TEMP_SEX_AGE_NB quarterly (official)
CHE,Switzerland,SA,79,1996-Q2,2026-Q1,ILOSTAT EMP_TEMP_SEX_AGE_NB quarterly (official)
SGP,Singapore,SA,78,2000-Q1,2025-Q4,ILOSTAT EMP_TEMP_SEX_AGE_NB quarterly (official)
COL,Colombia,SA,77,2007-Q1,2026-Q1,ILOSTAT EMP_TEMP_SEX_AGE_NB quarterly (official)
LSO,"Lesotho, Kingdom of",SA,70,2007-Q1,2024-Q2,"ILOSTAT EMP_TEMP_SEX_AGE_NB annual (official); linear interpolation of annual to quarter midpoints (annual at y+0.5, quarter at y+(q-0.5)/4; no extrapolation)"
KAZ,"Kazakhstan, Republic of",SA,68,2003-Q1,2019-Q4,ILOSTAT EMP_TEMP_SEX_AGE_NB quarterly (official)
CHL,Chile,SA,65,2010-Q1,2026-Q2,ILOSTAT EMP_TEMP_SEX_AGE_NB quarterly (official)
ECU,Ecuador,SA,64,2003-Q4,2025-Q3,ILOSTAT EMP_TEMP_SEX_AGE_NB quarterly (official)
CRI,Costa Rica,SA,63,2010-Q3,2026-Q1,ILOSTAT EMP_TEMP_SEX_AGE_NB quarterly (official)
SRB,"Serbia, Republic of",SA,60,2008-Q2,2025-Q4,ILOSTAT EMP_TEMP_SEX_AGE_NB quarterly (official)
MNE,Montenegro,SA,60,2010-Q1,2024-Q4,ILOSTAT EMP_TEMP_SEX_AGE_NB quarterly (official)
RUS,Russian Federation,SARIMAX,60,2011-Q1,2025-Q4,ILOSTAT EMP_TEMP_SEX_AGE_NB quarterly (official)
LKA,Sri Lanka,SARIMAX,58,2010-Q1,2024-Q4,ILOSTAT EMP_TEMP_SEX_AGE_NB quarterly (official)
THA,Thailand,SA,57,2010-Q1,2026-Q1,ILOSTAT EMP_TEMP_SEX_AGE_NB quarterly (official)
BRA,Brazil,SA,57,2012-Q1,2026-Q1,ILOSTAT EMP_TEMP_SEX_AGE_NB quarterly (official)
ALB,Albania,SA,52,2012-Q1,2024-Q4,ILOSTAT EMP_TEMP_SEX_AGE_NB quarterly (official)
TTO,Trinidad and Tobago,SARIMAX,46,2012-Q1,2024-Q4,ILOSTAT EMP_TEMP_SEX_AGE_NB quarterly (official)
MDV,Maldives,SARIMAX,46,2003-Q1,2014-Q2,"ILOSTAT EMP_TEMP_SEX_AGE_NB annual (official); linear interpolation of annual to quarter midpoints (annual at y+0.5, quarter at y+(q-0.5)/4; no extrapolation)"
DOM,Dominican Republic,SA,45,2015-Q1,2026-Q1,ILOSTAT EMP_TEMP_SEX_AGE_NB quarterly (official)
MUS,Mauritius,SARIMAX,45,2013-Q1,2024-Q4,ILOSTAT EMP_TEMP_SEX_AGE_NB quarterly (official)
PER,Peru,SARIMAX,44,2011-Q1,2021-Q4,ILOSTAT EMP_TEMP_SEX_AGE_NB quarterly (official)
BRN,Brunei Darussalam,SARIMAX,44,2014-Q3,2025-Q2,"ILOSTAT EMP_TEMP_SEX_AGE_NB annual (official); linear interpolation of annual to quarter midpoints (annual at y+0.5, quarter at y+(q-0.5)/4; no extrapolation)"
MNG,Mongolia,SARIMAX,44,2015-Q1,2025-Q4,ILOSTAT EMP_TEMP_SEX_AGE_NB quarterly (official)
UKR,Ukraine,SA,42,2010-Q1,2020-Q2,ILOSTAT EMP_TEMP_SEX_AGE_NB quarterly (official)
CPV,Cabo Verde,SARIMAX,40,2009-Q3,2019-Q2,"ILOSTAT EMP_TEMP_SEX_AGE_NB annual (official); linear interpolation of annual to quarter midpoints (annual at y+0.5, quarter at y+(q-0.5)/4; no extrapolation)"
GMB,"Gambia, The",SARIMAX,40,2014-Q1,2023-Q4,"ILOSTAT EMP_TEMP_SEX_AGE_NB annual (official); linear interpolation of annual to quarter midpoints (annual at y+0.5, quarter at y+(q-0.5)/4; no extrapolation)"
KOS,"Kosovo, Republic of",SARIMAX,40,2012-Q1,2021-Q4,ILOSTAT EMP_TEMP_SEX_AGE_NB quarterly (official)
BHS,"Bahamas, The",SARIMAX,38,2015-Q1,2024-Q2,"ILOSTAT EMP_TEMP_SEX_AGE_NB annual (official); linear interpolation of annual to quarter midpoints (annual at y+0.5, quarter at y+(q-0.5)/4; no extrapolation)"
PRY,Paraguay,SARIMAX,36,2017-Q1,2025-Q4,ILOSTAT EMP_TEMP_SEX_AGE_NB quarterly (official)
IND,India,SA,34,2017-Q3,2025-Q4,ILOSTAT EMP_TEMP_SEX_AGE_NB quarterly (official)
IDN,Indonesia,SA,32,2008-Q1,2023-Q3,ILOSTAT EMP_TEMP_SEX_AGE_NB quarterly (official)
NIC,Nicaragua,SARIMAX,30,2006-Q1,2013-Q2,"ILOSTAT EMP_TEMP_SEX_AGE_NB annual (official); linear interpolation of annual to quarter midpoints (annual at y+0.5, quarter at y+(q-0.5)/4; no extrapolation)"
RWA,Rwanda,SARIMAX,28,2017-Q1,2025-Q4,ILOSTAT EMP_TEMP_SEX_AGE_NB quarterly (official)
LCA,St. Lucia,SARIMAX,28,2017-Q1,2024-Q3,ILOSTAT EMP_TEMP_SEX_AGE_NB quarterly (official)
ARM,"Armenia, Republic of",SARIMAX,24,2008-Q1,2013-Q4,ILOSTAT EMP_TEMP_SEX_AGE_NB quarterly (official)
SYC,Seychelles,SARIMAX,23,2016-Q1,2024-Q2,ILOSTAT EMP_TEMP_SEX_AGE_NB quarterly (official); replaced with interpolated official annual because quarterly employment was outside 0.4–2.5 times the annual path
NGA,Nigeria,SARIMAX,23,2014-Q1,2024-Q2,ILOSTAT EMP_TEMP_SEX_AGE_NB quarterly (official)
SEN,Senegal,SA,23,2016-Q2,2025-Q1,ILOSTAT EMP_TEMP_SEX_AGE_NB quarterly (official)
BIH,Bosnia and Herzegovina,SA,23,2020-Q1,2025-Q3,ILOSTAT EMP_TEMP_SEX_AGE_NB quarterly (official)
GEO,Georgia,SARIMAX,23,2020-Q1,2025-Q3,ILOSTAT EMP_TEMP_SEX_AGE_NB quarterly (official)
NAM,Namibia,SARIMAX,22,2013-Q1,2018-Q2,"ILOSTAT EMP_TEMP_SEX_AGE_NB annual (official); linear interpolation of annual to quarter midpoints (annual at y+0.5, quarter at y+(q-0.5)/4; no extrapolation)"
EGY,"Egypt, Arab Republic of",SARIMAX,21,2019-Q4,2024-Q4,ILOSTAT EMP_TEMP_SEX_AGE_NB quarterly (official)
ZMB,Zambia,SARIMAX,20,2017-Q1,2024-Q4,ILOSTAT EMP_TEMP_SEX_AGE_NB quarterly (official)
GTM,Guatemala,SARIMAX,20,2013-Q2,2025-Q3,ILOSTAT EMP_TEMP_SEX_AGE_NB quarterly (official)
CHN,"China, People's Republic of",SARIMAX,18,2011-Q1,2015-Q2,"ILOSTAT EMP_TEMP_SEX_AGE_NB annual (official); linear interpolation of annual to quarter midpoints (annual at y+0.5, quarter at y+(q-0.5)/4; no extrapolation)"
QAT,Qatar,SARIMAX,16,2013-Q1,2016-Q4,ILOSTAT EMP_TEMP_SEX_AGE_NB quarterly (official)
PAK,Pakistan,SARIMAX,16,2017-Q3,2025-Q4,ILOSTAT EMP_TEMP_SEX_AGE_NB quarterly (official)
MAR,Morocco,SA,15,2014-Q1,2017-Q3,ILOSTAT EMP_TEMP_SEX_AGE_NB quarterly (official)
UGA,Uganda,SA,12,2016-Q3,2019-Q2,"ILOSTAT EMP_TEMP_SEX_AGE_NB annual (official); linear interpolation of annual to quarter midpoints (annual at y+0.5, quarter at y+(q-0.5)/4; no extrapolation)"
GHA,Ghana,NSA,11,2022-Q1,2024-Q3,ILOSTAT EMP_TEMP_SEX_AGE_NB quarterly (official)
SLV,El Salvador,NSA,10,2005-Q1,2007-Q2,"ILOSTAT EMP_TEMP_SEX_AGE_NB annual (official); linear interpolation of annual to quarter midpoints (annual at y+0.5, quarter at y+(q-0.5)/4; no extrapolation)"
SAU,Saudi Arabia,SA,8,2012-Q1,2016-Q1,ILOSTAT EMP_TEMP_SEX_AGE_NB quarterly (official)
KEN,Kenya,SA,8,2019-Q1,2021-Q4,ILOSTAT EMP_TEMP_SEX_AGE_NB quarterly (official)
BLR,"Belarus, Republic of",NSA,6,2014-Q1,2015-Q2,"ILOSTAT EMP_TEMP_SEX_AGE_NB annual (official); linear interpolation of annual to quarter midpoints (annual at y+0.5, quarter at y+(q-0.5)/4; no extrapolation)"
BGD,Bangladesh,NSA,4,2024-Q1,2024-Q4,ILOSTAT EMP_TEMP_SEX_AGE_NB quarterly (official)
BWA,Botswana,NSA,2,2006-Q1,2006-Q2,"ILOSTAT EMP_TEMP_SEX_AGE_NB annual (official); linear interpolation of annual to quarter midpoints (annual at y+0.5, quarter at y+(q-0.5)/4; no extrapolation)"
MOZ,"Mozambique, Republic of",NSA,2,2022-Q1,2022-Q2,"ILOSTAT EMP_TEMP_SEX_AGE_NB annual (official); linear interpolation of annual to quarter midpoints (annual at y+0.5, quarter at y+(q-0.5)/4; no extrapolation)"
