iso3,country,prev_period,period,dy,pct,dlog_GDP,dlog_ner,dlog_usd,dlog_empl,dlog_local_pw,GDP,prev_gdp,NER_pa_base,prev_ner,GDP_usd_pa,prev_usd,empl,prev_empl,source,prev_source,baseyear,prev_base,empl_source,cause
SLV,El Salvador,2004-Q4,2005-Q1,3.954400047038334,5116.438837513701,3.935417646242973,0.0,3.935417646242973,-0.01898240079403468,3.954400047038334,4352.14523165815,85.0302021661463,1.0,1.0,4352.14523165815,85.0302021661463,2421.2260625,2467.625741418362,IMF_IFS_realGDP_nsa_baseyear,IMF_IFS_realGDP_nsa_baseyear,2005,2005.0,interpolated from annual,USD GDP jump dlog=3.94; local real GDP/worker jump dlog=3.95
MNE,Montenegro,2022-Q4,2023-Q1,-1.806103458975679,-83.57069341412115,-0.3366760681548788,0.0,-0.3366760681548788,1.4694273908207842,-1.8061034589756089,771.567,1080.414,1.325716666666669,1.325716666666669,1022.879231350002,1432.322846700003,1113.145,256.087,IMF_IFS_realGDP_nsa_baseyear,IMF_IFS_realGDP_nsa_baseyear,2010,2010.0,observed quarterly,employment jump dlog=1.47; USD GDP jump dlog=-0.34; local real GDP/worker jump dlog=-1.81
SVK,Slovak Republic,2001-Q4,2002-Q1,-1.4504039837125928,-76.55244553433592,-0.08031517776154651,0.0,-0.08031517776154473,1.3700888059510428,-1.4504039837125893,10464.95120221,11340.119891619,1.3257166666667,1.3257166666667,13873.56022462352,15033.78594231788,2104.596,534.745,IMF_IFS_realGDP_nsa_baseyear,IMF_IFS_realGDP_nsa_baseyear,2010,2010.0,observed quarterly,employment jump dlog=1.37; local real GDP/worker jump dlog=-1.45
ISR,Israel,2017-Q4,2018-Q1,-1.4071710152952206,-75.5165061352626,-0.013177994477757693,0.0,-0.01317799447775947,1.3939930208174625,-1.4071710152952224,341502.4,346032.5,0.2904945096530436,0.2904945096530436,99204.57223333756,100520.5414115168,3865.251,958.902,IMF_IFS_NA (nsa_clv),IMF_IFS_NA (nsa_clv),2020,2020.0,observed quarterly,employment jump dlog=1.39; local real GDP/worker jump dlog=-1.41
SVK,Slovak Republic,1999-Q4,2000-Q1,1.3843306052610056,299.2152684192481,-0.012919551274336527,0.0,-0.012919551274336527,-1.3972501565353355,1.3843306052609923,9980.8347216532,10110.619200977,1.3257166666667,1.3257166666667,13231.75893774134,13403.81638505556,523.646,2117.658,IMF_IFS_realGDP_nsa_baseyear,IMF_IFS_realGDP_nsa_baseyear,2010,2010.0,observed quarterly,employment jump dlog=-1.40; local real GDP/worker jump dlog=1.38
ISR,Israel,2016-Q4,2017-Q1,1.3581645417864117,288.9048560740364,-0.022346493728916172,0.0,-0.022346493728916172,-1.380511035515327,1.3581645417864106,323957.2,331278.0,0.2904945096530436,0.2904945096530436,94107.78796257295,96234.44016884096,944.355,3755.637,IMF_IFS_NA (nsa_clv),IMF_IFS_NA (nsa_clv),2020,2020.0,observed quarterly,employment jump dlog=-1.38; local real GDP/worker jump dlog=1.36
PER,Peru,2010-Q4,2011-Q1,-1.3141554880995354,-73.12988512348717,-0.020051999169334422,0.0,-0.0200519991693362,1.2941034889301957,-1.314155488099535,97016.0,98981.0,0.3196885387248491,0.3196885387248491,31014.90327292996,31643.09125152429,16136.292,4423.66,IMF_IFS_realGDP_nsa_baseyear,IMF_IFS_realGDP_nsa_baseyear,2007,2007.0,observed quarterly,employment jump dlog=1.29; local real GDP/worker jump dlog=-1.31
SYC,Seychelles,2016-Q4,2017-Q1,-1.238250007339735,-71.01089184290966,0.007422756862354163,0.0,0.007422756862355051,1.2456727642020877,-1.2382500073397336,5686.2382115717,5644.186909238249,0.0784496261875312,0.0784496261875312,446.0832621110557,442.7843531622976,39.281,11.303,IMF_IFS_realGDP_nsa_baseyear,IMF_IFS_realGDP_nsa_baseyear,2014,2014.0,observed quarterly,employment jump dlog=1.25; local real GDP/worker jump dlog=-1.24
PRY,Paraguay,2009-Q4,2010-Q1,1.1178021500784006,205.8125510759363,-0.007244753038428087,0.0,-0.007244753038428087,-1.1250469031168224,1.1178021500783948,37285940.136401,37557048.4350384,0.000224105440584,0.000224105440584,8355.982041857786,8416.738886569907,925.243,2850.082752572861,IMF_IFS_realGDP_nsa_baseyear,IMF_IFS_realGDP_nsa_baseyear,2014,2014.0,observed quarterly,empl_source interpolated from annual -> observed quarterly; employment jump dlog=-1.13; local real GDP/worker jump dlog=1.12
MNE,Montenegro,2023-Q4,2024-Q1,1.0335980698497291,181.116241844017,-0.3447585663561812,0.0,-0.3447585663561812,-1.3783566362059103,1.03359806984969,815.362,1151.005,1.325716666666669,1.325716666666669,1080.938992766669,1525.90651191667,280.504,1113.145,IMF_IFS_realGDP_nsa_baseyear,IMF_IFS_realGDP_nsa_baseyear,2010,2010.0,observed quarterly,employment jump dlog=-1.38; USD GDP jump dlog=-0.34; local real GDP/worker jump dlog=1.03
SYC,Seychelles,2015-Q4,2016-Q1,1.028818952248535,179.7759594991104,0.04309035333201017,0.0,0.04309035333201017,-0.985728598916527,1.0288189522485371,5233.58452566033,5012.857279188111,0.0784496261875312,0.0784496261875312,410.5727496589005,393.2567796837519,10.393,27.85078357493704,IMF_IFS_realGDP_nsa_baseyear,IMF_IFS_realGDP_nsa_baseyear,2014,2014.0,observed quarterly,empl_source interpolated from annual -> observed quarterly; employment jump dlog=-0.99; local real GDP/worker jump dlog=1.03
PRY,Paraguay,2016-Q4,2017-Q1,-0.8812035928872843,-58.57160177664876,0.02982042100973814,0.0,0.02982042100973814,0.9110240138970269,-0.8812035928872888,52064442.1021304,50534779.4645872,0.000224105440584,0.000224105440584,11667.92473605948,11325.11901672793,2732.354,1098.713,IMF_IFS_realGDP_nsa_baseyear,IMF_IFS_realGDP_nsa_baseyear,2014,2014.0,observed quarterly,employment jump dlog=0.91; local real GDP/worker jump dlog=-0.88
DOM,Dominican Republic,2008-Q2,2008-Q3,-0.7602646154687873,-53.24573083890378,-0.06359958660037357,0.0,-0.06359958660037357,0.6966650288684084,-0.7602646154687813,364537.516570382,388475.093699706,0.0301460238041892,0.0301460238041892,10989.35665205075,11710.97942200597,3566.299660143291,1776.888,IMF_IFS_realGDP_nsa_baseyear,IMF_IFS_realGDP_nsa_baseyear,2007,2007.0,interpolated from annual,empl_source observed quarterly -> interpolated from annual; employment jump dlog=0.70; local real GDP/worker jump dlog=-0.76
DOM,Dominican Republic,2010-Q3,2010-Q4,0.747332065995379,111.13595278521436,0.05373374514405249,0.0,0.05373374514405249,-0.6935983208513417,0.7473320659953946,425918.84565484,403636.645048398,0.0301460238041892,0.0301460238041892,12839.75965976359,12168.03990987207,1821.002,3643.647425425666,IMF_IFS_realGDP_nsa_baseyear,IMF_IFS_realGDP_nsa_baseyear,2007,2007.0,observed quarterly,empl_source interpolated from annual -> observed quarterly; employment jump dlog=-0.69; local real GDP/worker jump dlog=0.75
DOM,Dominican Republic,2009-Q3,2009-Q4,0.7451025228698605,110.66574044725512,0.05785218570703421,0.0,0.05785218570703421,-0.6872503371628254,0.7451025228698596,395401.900610428,373176.139418066,0.0301460238041892,0.0301460238041892,11919.79510802361,11249.77678205245,1746.683,3472.826785551792,IMF_IFS_realGDP_nsa_baseyear,IMF_IFS_realGDP_nsa_baseyear,2007,2007.0,observed quarterly,empl_source interpolated from annual -> observed quarterly; employment jump dlog=-0.69; local real GDP/worker jump dlog=0.75
DOM,Dominican Republic,2014-Q3,2014-Q4,0.745033930427704,110.65129086521085,0.05515268747857327,0.0,0.05515268747857327,-0.6898812429491237,0.745033930427698,510356.600586784,482971.193331533,0.0301460238041892,0.0301460238041892,15385.22222991427,14559.66109091006,2023.554,4033.911958221788,IMF_IFS_realGDP_nsa_baseyear,IMF_IFS_realGDP_nsa_baseyear,2007,2007.0,observed quarterly,empl_source interpolated from annual -> observed quarterly; employment jump dlog=-0.69; local real GDP/worker jump dlog=0.75
DOM,Dominican Republic,2012-Q3,2012-Q4,0.7436353275204217,110.35687928781934,0.04403721947047856,0.0,0.044037219470476785,-0.6995981080499405,0.7436353275204175,445314.199815546,426129.32522943,0.0301460238041892,0.0301460238041892,13424.45246798292,12846.10478202948,1912.947,3850.65434249981,IMF_IFS_realGDP_nsa_baseyear,IMF_IFS_realGDP_nsa_baseyear,2007,2007.0,observed quarterly,empl_source interpolated from annual -> observed quarterly; employment jump dlog=-0.70; local real GDP/worker jump dlog=0.74
DOM,Dominican Republic,2011-Q3,2011-Q4,0.7390124327673471,109.38666589935914,0.044919285255357266,0.0,0.04491928525535549,-0.6940931475119978,0.7390124327673553,434082.421646794,415015.19849627,0.0301460238041892,0.0301460238041892,13085.85901594434,12511.05805296886,1886.593,3776.75699801671,IMF_IFS_realGDP_nsa_baseyear,IMF_IFS_realGDP_nsa_baseyear,2007,2007.0,observed quarterly,empl_source interpolated from annual -> observed quarterly; employment jump dlog=-0.69; local real GDP/worker jump dlog=0.74
DOM,Dominican Republic,2013-Q3,2013-Q4,0.737290319153419,109.02638857971611,0.04971294037839691,0.0,0.04971294037839513,-0.6875773787750221,0.7372903191534188,475881.007277324,452801.979193651,0.0301460238041892,0.0301460238041892,14345.92017334374,13650.17924335579,1947.172,3872.713570359992,IMF_IFS_realGDP_nsa_baseyear,IMF_IFS_realGDP_nsa_baseyear,2007,2007.0,observed quarterly,empl_source interpolated from annual -> observed quarterly; employment jump dlog=-0.69; local real GDP/worker jump dlog=0.74
DOM,Dominican Republic,2004-Q3,2004-Q4,0.7351006999245913,108.56920109586534,0.044720134347890905,0.0,0.044720134347890905,-0.690380565576687,0.735100699924579,293490.759319988,280654.961544929,0.0301460238041892,0.0301460238041892,8847.579416769922,8460.631151497235,1598.148,3187.465300800463,IMF_IFS_realGDP_nsa_baseyear,IMF_IFS_realGDP_nsa_baseyear,2007,2007.0,observed quarterly,empl_source interpolated from annual -> observed quarterly; employment jump dlog=-0.69; local real GDP/worker jump dlog=0.74
DOM,Dominican Republic,2011-Q2,2011-Q3,-0.7314129352469685,-51.87714352960222,-0.030274969078547542,0.0,-0.030274969078547542,0.7011379661684272,-0.7314129352469749,415015.19849627,427771.900825493,0.0301460238041892,0.0301460238041892,12511.05805296886,12895.62190504857,3776.75699801671,1873.349,IMF_IFS_realGDP_nsa_baseyear,IMF_IFS_realGDP_nsa_baseyear,2007,2007.0,interpolated from annual,empl_source observed quarterly -> interpolated from annual; employment jump dlog=0.70; local real GDP/worker jump dlog=-0.73
DOM,Dominican Republic,2006-Q3,2006-Q4,0.729913449391633,107.49010159571162,0.04106363453885287,0.0,0.04106363453885287,-0.6888498148527686,0.7299134493916202,349742.299932609,335671.48647037,0.0301460238041892,0.0301460238041892,10543.33969910031,10119.16062152335,1700.945,3387.302201576581,IMF_IFS_realGDP_nsa_baseyear,IMF_IFS_realGDP_nsa_baseyear,2007,2007.0,observed quarterly,empl_source interpolated from annual -> observed quarterly; employment jump dlog=-0.69; local real GDP/worker jump dlog=0.73
DOM,Dominican Republic,2010-Q2,2010-Q3,-0.7270677810556991,-51.66758735086783,-0.024454769552699318,0.0,-0.024454769552699318,0.7026130115030114,-0.72706778105571,403636.645048398,413629.170655903,0.0301460238041892,0.0301460238041892,12168.03990987207,12469.27482469989,3643.647425425666,1804.66,IMF_IFS_realGDP_nsa_baseyear,IMF_IFS_realGDP_nsa_baseyear,2007,2007.0,interpolated from annual,empl_source observed quarterly -> interpolated from annual; employment jump dlog=0.70; local real GDP/worker jump dlog=-0.73
DOM,Dominican Republic,2007-Q3,2007-Q4,0.7264463363178528,106.77195561783854,0.03460219330980152,0.0,0.0346021933098033,-0.6918441430080664,0.726446336317869,377457.7125429731,364620.231160243,0.0301460238041892,0.0301460238041892,11378.84918739527,10991.85016804565,1737.604,3470.682622484135,IMF_IFS_realGDP_nsa_baseyear,IMF_IFS_realGDP_nsa_baseyear,2007,2007.0,observed quarterly,empl_source interpolated from annual -> observed quarterly; employment jump dlog=-0.69; local real GDP/worker jump dlog=0.73
DOM,Dominican Republic,2013-Q1,2013-Q2,0.7252876660671284,106.53251384799565,0.03218268919622602,0.0,0.03218268919622602,-0.6931049768708988,0.7252876660671246,457360.700454037,442875.93273489,0.0301460238041892,0.0301460238041892,13787.60656298804,13350.94841052849,1921.98,3843.797774130743,IMF_IFS_realGDP_nsa_baseyear,IMF_IFS_realGDP_nsa_baseyear,2007,2007.0,observed quarterly,empl_source interpolated from annual -> observed quarterly; employment jump dlog=-0.69; local real GDP/worker jump dlog=0.73
DOM,Dominican Republic,2010-Q4,2011-Q1,-0.7251804053283175,-51.576279789655246,-0.011861157890225016,0.0,-0.01186115789022324,0.7133192474380969,-0.7251804053283233,420896.797509064,425918.84565484,0.0301460238041892,0.0301460238041892,12688.36487681525,12839.75965976359,3716.216743986603,1821.002,IMF_IFS_realGDP_nsa_baseyear,IMF_IFS_realGDP_nsa_baseyear,2007,2007.0,interpolated from annual,empl_source observed quarterly -> interpolated from annual; employment jump dlog=0.71; local real GDP/worker jump dlog=-0.73
DOM,Dominican Republic,2009-Q1,2009-Q2,0.7245567224231051,106.38160537922627,0.028044442955858173,0.0,0.028044442955858173,-0.6965122794672505,0.7245567224231089,380708.303839286,370179.873544586,0.0301460238041892,0.0301460238041892,11476.84158999161,11159.45127970684,1735.143,3481.983526254589,IMF_IFS_realGDP_nsa_baseyear,IMF_IFS_realGDP_nsa_baseyear,2007,2007.0,observed quarterly,empl_source interpolated from annual -> observed quarterly; employment jump dlog=-0.70; local real GDP/worker jump dlog=0.72
DOM,Dominican Republic,2006-Q2,2006-Q3,-0.7201593950566352,-51.332532376035815,-0.012800114749580871,0.0,-0.012800114749580871,0.7073592803070392,-0.7201593950566192,335671.48647037,339995.736421822,0.0301460238041892,0.0301460238041892,10119.16062152335,10249.51956349508,3387.302201576581,1669.751,IMF_IFS_realGDP_nsa_baseyear,IMF_IFS_realGDP_nsa_baseyear,2007,2007.0,interpolated from annual,empl_source observed quarterly -> interpolated from annual; employment jump dlog=0.71; local real GDP/worker jump dlog=-0.72
DOM,Dominican Republic,2012-Q2,2012-Q3,-0.7196931361118608,-51.3098354430238,-0.027732493061813912,0.0,-0.027732493061813912,0.6919606430500567,-0.7196931361118692,426129.32522943,438112.345302237,0.0301460238041892,0.0301460238041892,12846.10478202948,13207.3451903904,3850.65434249981,1927.613,IMF_IFS_realGDP_nsa_baseyear,IMF_IFS_realGDP_nsa_baseyear,2007,2007.0,interpolated from annual,empl_source observed quarterly -> interpolated from annual; employment jump dlog=0.69; local real GDP/worker jump dlog=-0.72
DOM,Dominican Republic,2003-Q3,2003-Q4,0.7192868228066853,105.29685580733523,0.028415485916124084,0.0,0.028415485916124084,-0.6908713368905541,0.7192868228066789,279182.879508894,271361.41397323,0.0301460238041892,0.0301460238041892,8416.253731397203,8180.467645175431,1549.588,3092.130779870761,IMF_IFS_realGDP_nsa_baseyear,IMF_IFS_realGDP_nsa_baseyear,2007,2007.0,observed quarterly,empl_source interpolated from annual -> observed quarterly; employment jump dlog=-0.69; local real GDP/worker jump dlog=0.72
DOM,Dominican Republic,2014-Q4,2015-Q1,-0.7173572761628444,-51.1959691015844,-0.013959162540640335,0.0,-0.013959162540640335,0.703398113622189,-0.71735727616283,503281.942873203,510356.600586784,0.0301460238041892,0.0301460238041892,15171.94943007417,15385.22222991427,4088.808,2023.554,IMF_IFS_realGDP_nsa_baseyear,IMF_IFS_realGDP_nsa_baseyear,2007,2007.0,observed quarterly,employment jump dlog=0.70; local real GDP/worker jump dlog=-0.72
DOM,Dominican Republic,2005-Q3,2005-Q4,0.7152343078553782,104.4665707373552,0.02718604386551604,0.0,0.02718604386551604,-0.6880482639898471,0.715234307855364,320877.790438766,312271.902802611,0.0301460238041892,0.0301460238041892,9673.189508802674,9413.756215266969,1631.117,3245.642476346139,IMF_IFS_realGDP_nsa_baseyear,IMF_IFS_realGDP_nsa_baseyear,2007,2007.0,observed quarterly,empl_source interpolated from annual -> observed quarterly; employment jump dlog=-0.69; local real GDP/worker jump dlog=0.72
DOM,Dominican Republic,2014-Q2,2014-Q3,-0.7151526213558306,-51.088254366987826,-0.009568218280669782,0.0,-0.009568218280668006,0.7055844030751643,-0.7151526213558326,482971.193331533,487614.546013444,0.0301460238041892,0.0301460238041892,14559.66109091006,14699.63971139019,4033.911958221788,1992.026,IMF_IFS_realGDP_nsa_baseyear,IMF_IFS_realGDP_nsa_baseyear,2007,2007.0,interpolated from annual,empl_source observed quarterly -> interpolated from annual; employment jump dlog=0.71; local real GDP/worker jump dlog=-0.72
DOM,Dominican Republic,2008-Q3,2008-Q4,0.7150829188033683,104.43561907997365,0.01875718971461815,0.0,0.018757189714619926,-0.6963257290887368,0.7150829188033552,371439.746779838,364537.516570382,0.0301460238041892,0.0301460238041892,11197.43144824701,10989.35665205075,1777.491,3566.299660143291,IMF_IFS_realGDP_nsa_baseyear,IMF_IFS_realGDP_nsa_baseyear,2007,2007.0,observed quarterly,empl_source interpolated from annual -> observed quarterly; employment jump dlog=-0.70; local real GDP/worker jump dlog=0.72
DOM,Dominican Republic,2009-Q2,2009-Q3,-0.7138620105341982,-51.025087585671116,-0.019982943356918526,0.0,-0.019982943356918526,0.6938790671772841,-0.7138620105342024,373176.139418066,380708.303839286,0.0301460238041892,0.0301460238041892,11249.77678205245,11476.84158999161,3472.826785551792,1735.143,IMF_IFS_realGDP_nsa_baseyear,IMF_IFS_realGDP_nsa_baseyear,2007,2007.0,interpolated from annual,empl_source observed quarterly -> interpolated from annual; employment jump dlog=0.69; local real GDP/worker jump dlog=-0.71
DOM,Dominican Republic,2004-Q2,2004-Q3,-0.7132136525015857,-50.99332401183938,-0.01079266284141056,0.0,-0.01079266284141056,0.7024209896601583,-0.7132136525015706,280654.961544929,283700.380448162,0.0301460238041892,0.0301460238041892,8460.631151497235,8552.438422247822,3187.465300800463,1579.021,IMF_IFS_realGDP_nsa_baseyear,IMF_IFS_realGDP_nsa_baseyear,2007,2007.0,interpolated from annual,empl_source observed quarterly -> interpolated from annual; employment jump dlog=0.70; local real GDP/worker jump dlog=-0.71
DOM,Dominican Republic,2006-Q1,2006-Q2,0.7120409733040249,103.81468197583908,0.022839117292020816,0.0,0.022839117292020816,-0.6892018560119935,0.7120409733040156,339995.736421822,332318.537853685,0.0301460238041892,0.0301460238041892,10249.51956349508,10018.08255271054,1669.751,3326.352537287071,IMF_IFS_realGDP_nsa_baseyear,IMF_IFS_realGDP_nsa_baseyear,2007,2007.0,observed quarterly,empl_source interpolated from annual -> observed quarterly; employment jump dlog=-0.69; local real GDP/worker jump dlog=0.71
DOM,Dominican Republic,2003-Q2,2003-Q3,-0.711762095512487,-50.922136374839724,-0.018107440309918843,0.0,-0.018107440309918843,0.6936546552025584,-0.7117620955124779,271361.41397323,276319.831221849,0.0301460238041892,0.0301460238041892,8180.467645175431,8329.944209583402,3092.130779870761,1545.281,IMF_IFS_realGDP_nsa_baseyear,IMF_IFS_realGDP_nsa_baseyear,2007,2007.0,interpolated from annual,empl_source observed quarterly -> interpolated from annual; employment jump dlog=0.69; local real GDP/worker jump dlog=-0.71
DOM,Dominican Republic,2005-Q1,2005-Q2,0.7112346308549053,103.65040378714765,0.020434538553454118,0.0,0.020434538553454118,-0.690800092301453,0.7112346308549078,308360.165078574,302122.9121293449,0.0301460238041892,0.0301460238041892,9295.8328767224,9107.804500842192,1606.937,3206.339599480631,IMF_IFS_realGDP_nsa_baseyear,IMF_IFS_realGDP_nsa_baseyear,2007,2007.0,observed quarterly,empl_source interpolated from annual -> observed quarterly; employment jump dlog=-0.69; local real GDP/worker jump dlog=0.71
DOM,Dominican Republic,2003-Q4,2004-Q1,-0.7110423088156379,-50.88679806499561,-0.0019593234136934257,0.0,-0.0019593234136934257,0.7090829854019667,-0.7110423088156603,278636.405490863,279182.879508894,0.0301460238041892,0.0301460238041892,8399.77971264127,8416.253731397203,3148.959480282218,1549.588,IMF_IFS_realGDP_nsa_baseyear,IMF_IFS_realGDP_nsa_baseyear,2007,2007.0,interpolated from annual,empl_source observed quarterly -> interpolated from annual; employment jump dlog=0.71; local real GDP/worker jump dlog=-0.71
DOM,Dominican Republic,2014-Q1,2014-Q2,0.7109269917467689,103.58776259448929,0.022166835675067276,0.0,0.0221668356750655,-0.6887601560716963,0.7109269917467615,487614.546013444,476924.593432317,0.0301460238041892,0.0301460238041892,14699.63971139019,14377.38014641389,1992.026,3966.612148811243,IMF_IFS_realGDP_nsa_baseyear,IMF_IFS_realGDP_nsa_baseyear,2007,2007.0,observed quarterly,empl_source interpolated from annual -> observed quarterly; employment jump dlog=-0.69; local real GDP/worker jump dlog=0.71
DOM,Dominican Republic,2013-Q2,2013-Q3,-0.710616998214185,-50.865905256889896,-0.010017460580145965,0.0,-0.010017460580145965,0.7005995376340426,-0.7106169982141883,452801.979193651,457360.700454037,0.0301460238041892,0.0301460238041892,13650.17924335579,13787.60656298804,3872.713570359992,1921.98,IMF_IFS_realGDP_nsa_baseyear,IMF_IFS_realGDP_nsa_baseyear,2007,2007.0,interpolated from annual,empl_source observed quarterly -> interpolated from annual; employment jump dlog=0.70; local real GDP/worker jump dlog=-0.71
DOM,Dominican Republic,2013-Q4,2014-Q1,-0.7093437487565479,-50.8033054532808,0.0021905550754990344,0.0,0.0021905550755008107,0.7115343038320416,-0.7093437487565415,476924.593432317,475881.007277324,0.0301460238041892,0.0301460238041892,14377.38014641389,14345.92017334374,3966.612148811243,1947.172,IMF_IFS_realGDP_nsa_baseyear,IMF_IFS_realGDP_nsa_baseyear,2007,2007.0,interpolated from annual,empl_source observed quarterly -> interpolated from annual; employment jump dlog=0.71; local real GDP/worker jump dlog=-0.71
DOM,Dominican Republic,2008-Q1,2008-Q2,0.7091953203307755,103.23552055711409,0.02002802194382447,0.0,0.020028021943822694,-0.6891672983869421,0.7091953203307659,388475.093699706,380772.101333238,0.0301460238041892,0.0301460238041892,11710.97942200597,11478.76483076294,1776.888,3539.660497900164,IMF_IFS_realGDP_nsa_baseyear,IMF_IFS_realGDP_nsa_baseyear,2007,2007.0,observed quarterly,empl_source interpolated from annual -> observed quarterly; employment jump dlog=-0.69; local real GDP/worker jump dlog=0.71
DOM,Dominican Republic,2010-Q1,2010-Q2,0.7090394966561657,103.20385411874415,0.02603394128503922,0.0,0.02603394128503922,-0.6830055553711158,0.7090394966561557,413629.170655903,402999.736494752,0.0301460238041892,0.0301460238041892,12469.27482469989,12148.83964945277,1804.66,3572.900617389175,IMF_IFS_realGDP_nsa_baseyear,IMF_IFS_realGDP_nsa_baseyear,2007,2007.0,observed quarterly,empl_source interpolated from annual -> observed quarterly; employment jump dlog=-0.68; local real GDP/worker jump dlog=0.71
DOM,Dominican Republic,2004-Q1,2004-Q2,0.7082779968598016,103.04917332738258,0.018010957052847942,0.0,0.018010957052847942,-0.6902670398069652,0.7082779968598132,283700.380448162,278636.405490863,0.0301460238041892,0.0301460238041892,8552.438422247822,8399.77971264127,1579.021,3148.959480282218,IMF_IFS_realGDP_nsa_baseyear,IMF_IFS_realGDP_nsa_baseyear,2007,2007.0,observed quarterly,empl_source interpolated from annual -> observed quarterly; employment jump dlog=-0.69; local real GDP/worker jump dlog=0.71
DOM,Dominican Republic,2007-Q1,2007-Q2,0.7044251584826018,102.26836281416949,0.01664325414965795,0.0,0.01664325414965795,-0.6877819043329279,0.7044251584825842,361149.76961542,355188.804737605,0.0301460238041892,0.0301460238041892,10887.2295517039,10707.53016260135,1721.97,3425.511791012987,IMF_IFS_realGDP_nsa_baseyear,IMF_IFS_realGDP_nsa_baseyear,2007,2007.0,observed quarterly,empl_source interpolated from annual -> observed quarterly; employment jump dlog=-0.69; local real GDP/worker jump dlog=0.70
DOM,Dominican Republic,2011-Q4,2012-Q1,-0.7040327606612111,-50.54132732865496,0.0006047331839322823,0.0,0.0006047331839340586,0.7046374938451301,-0.704032760661198,434345.0050801811,434082.421646794,0.0301460238041892,0.0301460238041892,13093.77486237782,13085.85901594434,3816.791127758114,1886.593,IMF_IFS_realGDP_nsa_baseyear,IMF_IFS_realGDP_nsa_baseyear,2007,2007.0,interpolated from annual,empl_source observed quarterly -> interpolated from annual; employment jump dlog=0.70; local real GDP/worker jump dlog=-0.70
DOM,Dominican Republic,2012-Q4,2013-Q1,-0.7033063273837881,-50.5053858500068,-0.005490430745378916,0.0,-0.005490430745378916,0.6978158966383923,-0.7033063273837714,442875.93273489,445314.199815546,0.0301460238041892,0.0301460238041892,13350.94841052849,13424.45246798292,3843.797774130743,1912.947,IMF_IFS_realGDP_nsa_baseyear,IMF_IFS_realGDP_nsa_baseyear,2007,2007.0,interpolated from annual,empl_source observed quarterly -> interpolated from annual; employment jump dlog=0.70; local real GDP/worker jump dlog=-0.70
DOM,Dominican Republic,2007-Q4,2008-Q1,-0.7027811709509049,-50.479386608755995,0.008742494267066192,0.0,0.008742494267067968,0.7115236652179595,-0.7027811709508931,380772.101333238,377457.7125429731,0.0301460238041892,0.0301460238041892,11478.76483076294,11378.84918739527,3539.660497900164,1737.604,IMF_IFS_realGDP_nsa_baseyear,IMF_IFS_realGDP_nsa_baseyear,2007,2007.0,interpolated from annual,empl_source observed quarterly -> interpolated from annual; employment jump dlog=0.71; local real GDP/worker jump dlog=-0.70
DOM,Dominican Republic,2011-Q1,2011-Q2,0.7011808527365222,101.61320574202387,0.016202444447761977,0.0,0.0162024444477602,-0.6849784082887593,0.7011808527365211,427771.900825493,420896.797509064,0.0301460238041892,0.0301460238041892,12895.62190504857,12688.36487681525,1873.349,3716.216743986603,IMF_IFS_realGDP_nsa_baseyear,IMF_IFS_realGDP_nsa_baseyear,2007,2007.0,observed quarterly,empl_source interpolated from annual -> observed quarterly; employment jump dlog=-0.68; local real GDP/worker jump dlog=0.70
DOM,Dominican Republic,2009-Q4,2010-Q1,-0.6966260124377985,-50.17363938765493,0.01903319055801056,0.0,0.01903319055801056,0.7156592029957958,-0.6966260124377861,402999.736494752,395401.900610428,0.0301460238041892,0.0301460238041892,12148.83964945277,11919.79510802361,3572.900617389175,1746.683,IMF_IFS_realGDP_nsa_baseyear,IMF_IFS_realGDP_nsa_baseyear,2007,2007.0,interpolated from annual,empl_source observed quarterly -> interpolated from annual; employment jump dlog=0.72; local real GDP/worker jump dlog=-0.70
DOM,Dominican Republic,2012-Q1,2012-Q2,0.6917638135231288,99.72351787485788,0.008636212728802661,0.0,0.008636212728804438,-0.6831276007943172,0.6917638135231208,438112.345302237,434345.0050801811,0.0301460238041892,0.0301460238041892,13207.3451903904,13093.77486237782,1927.613,3816.791127758114,IMF_IFS_realGDP_nsa_baseyear,IMF_IFS_realGDP_nsa_baseyear,2007,2007.0,observed quarterly,empl_source interpolated from annual -> observed quarterly; employment jump dlog=-0.68; local real GDP/worker jump dlog=0.69
DOM,Dominican Republic,2007-Q2,2007-Q3,-0.6913187087640775,-49.90849277651272,0.009563602773598134,0.0,0.009563602773596358,0.7008823115376845,-0.6913187087640866,364620.231160243,361149.76961542,0.0301460238041892,0.0301460238041892,10991.85016804565,10887.2295517039,3470.682622484135,1721.97,IMF_IFS_realGDP_nsa_baseyear,IMF_IFS_realGDP_nsa_baseyear,2007,2007.0,interpolated from annual,empl_source observed quarterly -> interpolated from annual; employment jump dlog=0.70; local real GDP/worker jump dlog=-0.69
DOM,Dominican Republic,2005-Q2,2005-Q3,-0.6903776129900976,-49.861329681738695,0.012605824695469892,0.0,0.012605824695471668,0.7029834376855586,-0.6903776129900885,312271.902802611,308360.165078574,0.0301460238041892,0.0301460238041892,9413.756215266969,9295.8328767224,3245.642476346139,1606.937,IMF_IFS_realGDP_nsa_baseyear,IMF_IFS_realGDP_nsa_baseyear,2007,2007.0,interpolated from annual,empl_source observed quarterly -> interpolated from annual; employment jump dlog=0.70; local real GDP/worker jump dlog=-0.69
DOM,Dominican Republic,2006-Q4,2007-Q1,-0.6846140145715953,-49.571516138624695,0.015452895042590953,0.0,0.015452895042590953,0.700066909614173,-0.6846140145715802,355188.804737605,349742.299932609,0.0301460238041892,0.0301460238041892,10707.53016260135,10543.33969910031,3425.511791012987,1700.945,IMF_IFS_realGDP_nsa_baseyear,IMF_IFS_realGDP_nsa_baseyear,2007,2007.0,interpolated from annual,empl_source observed quarterly -> interpolated from annual; employment jump dlog=0.70; local real GDP/worker jump dlog=-0.68
DOM,Dominican Republic,2005-Q4,2006-Q1,-0.6775776885214562,-49.21543359666144,0.035033624808168184,0.0,0.035033624808168184,0.7126113133296155,-0.6775776885214495,332318.537853685,320877.790438766,0.0301460238041892,0.0301460238041892,10018.08255271054,9673.189508802674,3326.352537287071,1631.117,IMF_IFS_realGDP_nsa_baseyear,IMF_IFS_realGDP_nsa_baseyear,2007,2007.0,interpolated from annual,empl_source observed quarterly -> interpolated from annual; employment jump dlog=0.71; local real GDP/worker jump dlog=-0.68
DOM,Dominican Republic,2008-Q4,2009-Q1,-0.6757969205901642,-49.12491749924393,-0.0033976297625102347,0.0,-0.003397629762512011,0.6723992908276477,-0.6757969205901591,370179.873544586,371439.746779838,0.0301460238041892,0.0301460238041892,11159.45127970684,11197.43144824701,3481.983526254589,1777.491,IMF_IFS_realGDP_nsa_baseyear,IMF_IFS_realGDP_nsa_baseyear,2007,2007.0,interpolated from annual,empl_source observed quarterly -> interpolated from annual; employment jump dlog=0.67; local real GDP/worker jump dlog=-0.68
DOM,Dominican Republic,2003-Q1,2003-Q2,0.6756991411280735,96.5406592320131,-0.017297883167751493,0.0,-0.017297883167751493,-0.692997024295825,0.6756991411280742,276319.831221849,281141.15853969,0.0301460238041892,0.0301460238041892,8329.944209583402,8475.288057674825,1545.281,3090.097967595608,IMF_IFS_realGDP_nsa_baseyear,IMF_IFS_realGDP_nsa_baseyear,2007,2007.0,observed quarterly,empl_source interpolated from annual -> observed quarterly; employment jump dlog=-0.69; local real GDP/worker jump dlog=0.68
DOM,Dominican Republic,2004-Q4,2005-Q1,-0.6672967419404081,-48.69062705086505,0.028987774037970482,0.0,0.028987774037968705,0.6962845159783786,-0.6672967419404088,302122.9121293449,293490.759319988,0.0301460238041892,0.0301460238041892,9107.804500842192,8847.579416769922,3206.339599480631,1598.148,IMF_IFS_realGDP_nsa_baseyear,IMF_IFS_realGDP_nsa_baseyear,2007,2007.0,interpolated from annual,empl_source observed quarterly -> interpolated from annual; employment jump dlog=0.70; local real GDP/worker jump dlog=-0.67
MAC,Macao,2019-Q4,2020-Q1,-0.6624510819570948,-48.441395918605224,-0.6433932062100016,0.0,-0.6433932062100034,0.019057875747092723,-0.6624510819570955,59584.0,113384.0,0.1249136261310812,0.1249136261310812,7442.853499394342,14163.20658524651,397.3,389.8,IMF_IFS_realGDP_nsa_baseyear,IMF_IFS_realGDP_nsa_baseyear,2021,2021.0,observed quarterly,USD GDP jump dlog=-0.64; local real GDP/worker jump dlog=-0.66
ROM,Romania,1997-Q4,1998-Q1,-0.6066503404216732,-45.482603881816694,-0.6133411091975791,0.0,-0.6133411091975791,-0.006690768775875711,-0.6066503404216936,58196.170052478,107464.51017048,0.3146732118694736,0.3146732118694736,18312.77574891533,33816.20257732466,11130.46359923723,11205.18464943374,IMF_IFS_realGDP_nsa_baseyear,IMF_IFS_realGDP_nsa_baseyear,2010,2010.0,interpolated from annual,USD GDP jump dlog=-0.61; local real GDP/worker jump dlog=-0.61
EGY,"Egypt, Arab Rep.",2022-Q2,2022-Q3,0.5818139386862766,78.92811350990787,0.5889623091327838,0.0,0.5889623091327838,0.007148370446488528,0.5818139386862962,2093700.0,1161800.0,0.0521908689730471,0.0521908689730471,109272.0223688687,60635.3515728861,28045.391,27845.627,IMF_IFS_realGDP_nsa_baseyear,IMF_IFS_realGDP_nsa_baseyear,2022,2022.0,observed quarterly,USD GDP jump dlog=0.59; local real GDP/worker jump dlog=0.58
ROM,Romania,2008-Q4,2009-Q1,-0.5217523864196476,-40.6520369453116,-0.5435184032496299,0.0,-0.5435184032496299,-0.021766016829989354,-0.521752386419637,105610.95238753,181867.87918915,0.3146732118694736,0.3146732118694736,33232.93759637811,57228.94968033923,9038.6,9237.491,IMF_IFS_realGDP_nsa_baseyear,IMF_IFS_realGDP_nsa_baseyear,2010,2010.0,observed quarterly,USD GDP jump dlog=-0.54; local real GDP/worker jump dlog=-0.52
BOL,Bolivia,1996-Q4,1997-Q1,-0.5165290549088164,-40.34123184739952,-0.04994851918888443,0.0,-0.049948519188882656,0.4665805357199835,-0.516529054908891,4781.22311722966,5026.10291395326,0.3151939230611634,0.3151939230611634,1507.012471350341,1584.197095158073,2757.528893588809,1729.365216943427,IMF_IFS_realGDP_nsa_baseyear,IMF_IFS_realGDP_nsa_baseyear,1990,1990.0,interpolated from annual,employment jump dlog=0.47; local real GDP/worker jump dlog=-0.52
MNE,Montenegro,2011-Q4,2012-Q1,-0.5106563522318393,-39.98984284831685,-0.33316520118551196,0.0,-0.33316520118551196,0.1774911510463415,-0.5106563522318694,595.041,830.307,1.325716666666669,1.325716666666669,788.8557710500015,1100.751828350002,220.855,184.937,IMF_IFS_realGDP_nsa_baseyear,IMF_IFS_realGDP_nsa_baseyear,2010,2010.0,observed quarterly,USD GDP jump dlog=-0.33; local real GDP/worker jump dlog=-0.51
ROM,Romania,1996-Q4,1997-Q1,-0.5088299824275584,-39.880141962645745,-0.4936983852904877,0.0,-0.4936983852904877,0.01513159713705825,-0.5088299824275397,67873.884219726,111202.15094475,0.3146732118694736,0.3146732118694736,21358.09314947796,34992.3380045785,11145.08534746132,10977.71191316095,IMF_IFS_realGDP_nsa_baseyear,IMF_IFS_realGDP_nsa_baseyear,2010,2010.0,interpolated from annual,USD GDP jump dlog=-0.49; local real GDP/worker jump dlog=-0.51
ROM,Romania,1999-Q4,2000-Q1,-0.5061107084231837,-39.71643711724845,-0.544795340015396,0.0,-0.544795340015396,-0.03868463159219715,-0.5061107084231882,61743.700050395,106461.91194282,0.3146732118694736,0.3146732118694736,19429.08840756317,33500.71177281225,10026.133,10421.59,IMF_IFS_realGDP_nsa_baseyear,IMF_IFS_realGDP_nsa_baseyear,2010,2010.0,observed quarterly,USD GDP jump dlog=-0.54; local real GDP/worker jump dlog=-0.51
MUS,Mauritius,2020-Q1,2020-Q2,-0.5051106118126008,-39.6561175726771,-0.29693790112568763,0.0,-0.2969379011256894,0.20817271068692111,-0.5051106118126096,86651.0,116609.0,0.0294685783915755,0.0294685783915755,2553.481786208411,3436.30145766323,677.7681577236184,550.393,IMF_IFS_realGDP_nsa_baseyear,IMF_IFS_realGDP_nsa_baseyear,2018,2018.0,interpolated from annual,empl_source observed quarterly -> interpolated from annual; USD GDP jump dlog=-0.30; local real GDP/worker jump dlog=-0.51
MAC,Macao,2020-Q1,2020-Q2,-0.4955226897892038,-39.07476259384435,-0.4840110511546065,0.0,-0.4840110511546065,0.011511638634602583,-0.49552268978920844,36722.0,59584.0,0.1249136261310812,0.1249136261310812,4587.078178785564,7442.853499394342,401.9,397.3,IMF_IFS_realGDP_nsa_baseyear,IMF_IFS_realGDP_nsa_baseyear,2021,2021.0,observed quarterly,USD GDP jump dlog=-0.48; local real GDP/worker jump dlog=-0.50
ROM,Romania,2004-Q4,2005-Q1,-0.4905424667474625,-38.770584514050654,-0.5042316377789735,0.0,-0.5042316377789735,-0.013689171031503022,-0.4905424667474705,86171.00869425501,142674.44590885,0.3146732118694736,0.3146732118694736,27115.70807585356,44895.82614583531,8908.754,9031.546,IMF_IFS_realGDP_nsa_baseyear,IMF_IFS_realGDP_nsa_baseyear,2010,2010.0,observed quarterly,USD GDP jump dlog=-0.50; local real GDP/worker jump dlog=-0.49
KOR,"Korea, Rep.",1977-Q4,1978-Q1,-0.4853085629074583,-38.4492755245283,-0.29618861696334164,0.0,-0.29618861696334164,0.18911994594413883,-0.4853085629074818,36238000.0,48730100.0,0.0008472667527584,0.0008472667527584,30703.25258645829,41287.39358859129,13313.0,11019.0,IMF_IFS_NA (nsa_clv),IMF_IFS_NA (nsa_clv),2020,2020.0,observed quarterly,USD GDP jump dlog=-0.30; local real GDP/worker jump dlog=-0.49
ROM,Romania,1998-Q4,1999-Q1,-0.47141019623357483,-37.587848639758114,-0.5744944176385367,0.0,-0.5744944176385367,-0.10308422140498585,-0.47141019623354996,63282.554866483,112404.51596524,0.3146732118694736,0.3146732118694736,19913.32479514239,35370.6900674156,9979.472,11063.09068892036,IMF_IFS_realGDP_nsa_baseyear,IMF_IFS_realGDP_nsa_baseyear,2010,2010.0,observed quarterly,empl_source interpolated from annual -> observed quarterly; USD GDP jump dlog=-0.57; local real GDP/worker jump dlog=-0.47
MNE,Montenegro,2012-Q2,2012-Q3,0.4694812310347194,59.91643811442751,0.3079485000126505,0.0,0.3079485000126496,-0.16153273102206445,0.4694812310347105,1018.088,748.247,1.325716666666669,1.325716666666669,1349.696229733336,991.9635186833352,183.725,215.934,IMF_IFS_realGDP_nsa_baseyear,IMF_IFS_realGDP_nsa_baseyear,2010,2010.0,observed quarterly,USD GDP jump dlog=0.31; local real GDP/worker jump dlog=0.47
ROM,Romania,2000-Q4,2001-Q1,-0.46754186300254474,-37.345950070141,-0.5116444929786788,0.0,-0.5116444929786788,-0.04410262997612335,-0.46754186300255896,66348.03900296701,110670.65270039,0.3146732118694736,0.3146732118694736,20877.95053430473,34825.08974492276,10097.715,10553.017,IMF_IFS_realGDP_nsa_baseyear,IMF_IFS_realGDP_nsa_baseyear,2010,2010.0,observed quarterly,USD GDP jump dlog=-0.51; local real GDP/worker jump dlog=-0.47
KOR,"Korea, Rep.",1975-Q4,1976-Q1,-0.465077505190135,-37.191357665454525,-0.2561896848947818,0.0,-0.25618968489478355,0.20888782029538433,-0.4650775051901671,28792000.0,37199200.0,0.0008472667527584,0.0008472667527584,24394.50434541937,31517.64538920965,12084.0,9806.0,IMF_IFS_NA (nsa_clv),IMF_IFS_NA (nsa_clv),2020,2020.0,observed quarterly,USD GDP jump dlog=-0.26; local real GDP/worker jump dlog=-0.47
KOR,"Korea, Rep.",1966-Q3,1966-Q4,0.4564404095321759,57.844535409083896,0.1899610780190315,0.0,0.18996107801902973,-0.26647933151320835,0.45644040953224063,14230500.0,11768500.0,0.0008472667527584,0.0008472667527584,12057.02952512817,9971.058779837032,6697.0,8742.0,IMF_IFS_NA (nsa_clv),IMF_IFS_NA (nsa_clv),2020,2020.0,observed quarterly,employment jump dlog=-0.27; local real GDP/worker jump dlog=0.46
KOR,"Korea, Rep.",1976-Q4,1977-Q1,-0.4561786557511063,-36.629938727418555,-0.2851501656692932,0.0,-0.2851501656692932,0.1710284900817971,-0.4561786557510916,31458800.0,41839000.0,0.0008472667527584,0.0008472667527584,26653.99532167542,35448.79366865799,12468.0,10508.0,IMF_IFS_NA (nsa_clv),IMF_IFS_NA (nsa_clv),2020,2020.0,observed quarterly,USD GDP jump dlog=-0.29; local real GDP/worker jump dlog=-0.46
MAC,Macao,2020-Q3,2020-Q4,0.4558223719186061,57.74701168887253,0.44787870426634235,0.0,0.44787870426634413,-0.007943667652263287,0.4558223719186061,64609.0,41284.0,0.1249136261310812,0.1249136261310812,8070.544470703026,5156.934141195557,388.7,391.8,IMF_IFS_realGDP_nsa_baseyear,IMF_IFS_realGDP_nsa_baseyear,2021,2021.0,observed quarterly,USD GDP jump dlog=0.45; local real GDP/worker jump dlog=0.46
ROM,Romania,2002-Q4,2003-Q1,-0.4556546795287675,-36.596725621424554,-0.5383288980439715,0.0,-0.5383288980439715,-0.08267421851522627,-0.4556546795287524,72129.451967175,123567.96723658,0.3146732118694736,0.3146732118694736,22697.20632089588,38883.52913451652,8729.753,9482.152,IMF_IFS_realGDP_nsa_baseyear,IMF_IFS_realGDP_nsa_baseyear,2010,2010.0,observed quarterly,USD GDP jump dlog=-0.54; local real GDP/worker jump dlog=-0.46
KOR,"Korea, Rep.",1970-Q3,1970-Q4,0.4544309563007305,57.527672664394956,0.20574102390523663,0.0,0.2057410239052384,-0.2486899323954681,0.4544309563007074,22901100.0,18642500.0,0.0008472667527584,0.0008472667527584,19403.34063159501,15795.17043829816,8224.0,10546.0,IMF_IFS_NA (nsa_clv),IMF_IFS_NA (nsa_clv),2020,2020.0,observed quarterly,local real GDP/worker jump dlog=0.45
ROM,Romania,2023-Q4,2024-Q1,-0.4524292752672636,-36.39189427567852,-0.4159641792000155,0.0,-0.4159641792000155,0.036465096067248126,-0.4524292752672636,163696.09135951,248135.70310264,0.3146732118694736,0.3146732118694736,51510.7748385758,78081.65867479783,7973.553,7688.034,IMF_IFS_realGDP_nsa_baseyear,IMF_IFS_realGDP_nsa_baseyear,2010,2010.0,observed quarterly,USD GDP jump dlog=-0.42; local real GDP/worker jump dlog=-0.45
ROM,Romania,2003-Q4,2004-Q1,-0.444095283153076,-35.85956971087647,-0.468880067738235,0.0,-0.468880067738235,-0.024784784585161646,-0.4440952831530769,78819.468221753,125969.5350929,0.3146732118694736,0.3146732118694736,24802.37522318293,39639.23820538721,8755.232,8974.94,IMF_IFS_realGDP_nsa_baseyear,IMF_IFS_realGDP_nsa_baseyear,2010,2010.0,observed quarterly,USD GDP jump dlog=-0.47; local real GDP/worker jump dlog=-0.44
ROM,Romania,2009-Q4,2010-Q1,-0.44359865396987974,-35.82770779024719,-0.5118868541715269,0.0,-0.5118868541715269,-0.06828820020164628,-0.4435986539698824,104201.79240267,173854.05535065,0.3146732118694736,0.3146732118694736,32789.51269790428,54707.21399372227,8431.013,9026.865,IMF_IFS_realGDP_nsa_baseyear,IMF_IFS_realGDP_nsa_baseyear,2010,2010.0,observed quarterly,USD GDP jump dlog=-0.51; local real GDP/worker jump dlog=-0.44
ROM,Romania,2005-Q4,2006-Q1,-0.4426554423824225,-35.76715118628548,-0.44867448167110524,0.0,-0.448674481671107,-0.00601903928869163,-0.44265544238241894,94414.741842456,147875.64827316,0.3146732118694736,0.3146732118694736,29709.79006339281,46532.50519939584,9001.373,9055.716,IMF_IFS_realGDP_nsa_baseyear,IMF_IFS_realGDP_nsa_baseyear,2010,2010.0,observed quarterly,USD GDP jump dlog=-0.45; local real GDP/worker jump dlog=-0.44
KOR,"Korea, Rep.",1975-Q3,1975-Q4,0.4377901981066836,54.92798314780063,0.19633681692718596,0.0,0.19633681692718952,-0.24145338117949144,0.4377901981066793,37199200.0,30567900.0,0.0008472667527584,0.0008472667527584,31517.64538920965,25899.16537164298,9806.0,12484.0,IMF_IFS_NA (nsa_clv),IMF_IFS_NA (nsa_clv),2020,2020.0,observed quarterly,local real GDP/worker jump dlog=0.44
KOR,"Korea, Rep.",1972-Q3,1972-Q4,0.43590671887597665,54.636454139885316,0.19965423993519238,0.0,0.1996542399351906,-0.23625247894077894,0.4359067188759701,27019200.0,22129100.0,0.0008472667527584,0.0008472667527584,22892.4698461293,18749.25069846554,8882.0,11249.0,IMF_IFS_NA (nsa_clv),IMF_IFS_NA (nsa_clv),2020,2020.0,observed quarterly,local real GDP/worker jump dlog=0.44
ROM,Romania,2006-Q4,2007-Q1,-0.42971336968668705,-34.93044229265795,-0.426956423343265,0.0,-0.426956423343265,0.0027569463434193864,-0.4297133696866844,102249.59797807,156706.28961632,0.3146732118694736,0.3146732118694736,32175.20940812172,49311.27147371535,9105.935,9080.865,IMF_IFS_realGDP_nsa_baseyear,IMF_IFS_realGDP_nsa_baseyear,2010,2010.0,observed quarterly,USD GDP jump dlog=-0.43; local real GDP/worker jump dlog=-0.43
ROM,Romania,2019-Q4,2020-Q1,-0.427791995985471,-34.80529917087676,-0.44341883251359704,0.0,-0.44341883251359704,-0.01562683652812602,-0.4277919959854679,148100.22288011,230743.81259857,0.3146732118694736,0.3146732118694736,46603.17281226912,72608.89662939993,8519.532,8653.711,IMF_IFS_realGDP_nsa_baseyear,IMF_IFS_realGDP_nsa_baseyear,2010,2010.0,observed quarterly,USD GDP jump dlog=-0.44; local real GDP/worker jump dlog=-0.43
KOR,"Korea, Rep.",1967-Q3,1967-Q4,0.42444132235723764,52.87361103573045,0.13883975561916628,0.0,0.13883975561916806,-0.28560156673808734,0.4244413223572541,15423600.0,13424200.0,0.0008472667527584,0.0008472667527584,13067.9034878442,11373.87834237909,7097.0,9443.0,IMF_IFS_NA (nsa_clv),IMF_IFS_NA (nsa_clv),2020,2020.0,observed quarterly,employment jump dlog=-0.29; local real GDP/worker jump dlog=0.42
ROM,Romania,2010-Q4,2011-Q1,-0.4183591519829646,-34.18741812189832,-0.42335241870731544,0.0,-0.42335241870731544,-0.00499326672434286,-0.4183591519829726,107837.5000001,164675.66670195,0.3146732118694736,0.3146732118694736,33933.57248500583,51819.02095784953,8438.689,8480.931,IMF_IFS_realGDP_nsa_baseyear,IMF_IFS_realGDP_nsa_baseyear,2010,2010.0,observed quarterly,USD GDP jump dlog=-0.42; local real GDP/worker jump dlog=-0.42
KOR,"Korea, Rep.",1977-Q3,1977-Q4,0.41834446032372163,51.94439724319822,0.21180039523077454,0.0,0.21180039523077454,-0.20654406509295953,0.41834446032373407,48730100.0,39428800.0,0.0008472667527584,0.0008472667527584,41287.39358859129,33406.71134115974,11019.0,13547.0,IMF_IFS_NA (nsa_clv),IMF_IFS_NA (nsa_clv),2020,2020.0,observed quarterly,local real GDP/worker jump dlog=0.42
ROM,Romania,2007-Q4,2008-Q1,-0.41697244089328667,-34.09609177777534,-0.423021707224164,0.0,-0.423021707224164,-0.006049266330895975,-0.4169724408932707,111387.48944241,170040.51384293,0.3146732118694736,0.3146732118694736,35050.65906492024,53507.19463889047,9118.597,9173.925,IMF_IFS_realGDP_nsa_baseyear,IMF_IFS_realGDP_nsa_baseyear,2010,2010.0,observed quarterly,USD GDP jump dlog=-0.42; local real GDP/worker jump dlog=-0.42
KOR,"Korea, Rep.",1976-Q3,1976-Q4,0.4156179746248343,51.53068726054797,0.18625096667244634,0.0,0.18625096667244634,-0.2293670079523764,0.41561797462482275,41839000.0,34729100.0,0.0008472667527584,0.0008472667527584,35448.79366865799,29424.81178322116,10508.0,13217.0,IMF_IFS_NA (nsa_clv),IMF_IFS_NA (nsa_clv),2020,2020.0,observed quarterly,local real GDP/worker jump dlog=0.42
MNG,Mongolia,2019-Q4,2020-Q1,-0.41377786835901187,-33.88522031991721,-0.4169242778478299,0.0,-0.4169242778478308,-0.003146409488850921,-0.41377786835897945,5081565.687821929,7710196.68955362,0.0005075345620463,0.0005075345620463,2579.070215878267,3913.191300123518,1301.341,1305.442,IMF_IFS_realGDP_nsa_baseyear,IMF_IFS_realGDP_nsa_baseyear,2015,2015.0,observed quarterly,USD GDP jump dlog=-0.42; local real GDP/worker jump dlog=-0.41
ROM,Romania,2012-Q4,2013-Q1,-0.41234751760430655,-33.79058533042482,-0.4380477352387313,0.0,-0.4380477352387313,-0.025700217634421207,-0.412347517604315,109238.97241226,169285.3284142,0.3146732118694736,0.3146732118694736,34374.57831028668,53269.55801447498,8339.199,8556.296,IMF_IFS_realGDP_nsa_baseyear,IMF_IFS_realGDP_nsa_baseyear,2010,2010.0,observed quarterly,USD GDP jump dlog=-0.44; local real GDP/worker jump dlog=-0.41
CZE,Czech Republic,1997-Q4,1998-Q1,-0.41088444387759004,-33.693645177357354,-0.09527425645978482,0.0,-0.09527425645978482,0.31561018741780167,-0.41088444387758627,658410.66670819,724225.7163017701,0.0523608183995916,0.0523608183995916,34474.92135186157,37921.05121159113,4881.32,3560.16,IMF_IFS_realGDP_nsa_baseyear,IMF_IFS_realGDP_nsa_baseyear,2010,2010.0,observed quarterly,employment jump dlog=0.32; local real GDP/worker jump dlog=-0.41
KOR,"Korea, Rep.",1974-Q4,1975-Q1,-0.40614725615924563,-33.37879436273293,-0.2497957743520871,0.0,-0.2497957743520871,0.15635148180715852,-0.40614725615924596,25619600.0,32889500.0,0.0008472667527584,0.0008472667527584,21706.63529896867,27866.17986484684,11372.0,9726.0,IMF_IFS_NA (nsa_clv),IMF_IFS_NA (nsa_clv),2020,2020.0,observed quarterly,local real GDP/worker jump dlog=-0.41
ROM,Romania,2022-Q4,2023-Q1,-0.4052852595980312,-33.32134235441026,-0.4186604326872416,0.0,-0.4186604326872416,-0.013375173089213988,-0.4052852595980272,160032.74064099,243237.62738578,0.3146732118694736,0.3146732118694736,50358.01650177476,76540.36545699363,7675.443,7778.793,IMF_IFS_realGDP_nsa_baseyear,IMF_IFS_realGDP_nsa_baseyear,2010,2010.0,observed quarterly,USD GDP jump dlog=-0.42; local real GDP/worker jump dlog=-0.41
KOR,"Korea, Rep.",1973-Q3,1973-Q4,0.4048960675035689,49.91466819024557,0.17097858790294396,0.0,0.17097858790294396,-0.23391747960062403,0.4048960675035662,31061900.0,26180200.0,0.0008472667527584,0.0008472667527584,26317.71514750562,22181.61304056502,9361.0,11828.0,IMF_IFS_NA (nsa_clv),IMF_IFS_NA (nsa_clv),2020,2020.0,observed quarterly,local real GDP/worker jump dlog=0.40
ROM,Romania,2018-Q4,2019-Q1,-0.40083607840402724,-33.02401598579796,-0.4125445681676112,0.0,-0.4125445681676112,-0.01170848976359018,-0.4008360784040228,145335.30765832,219551.78067924,0.3146732118694736,0.3146732118694736,45733.12805888166,69087.06399799869,8487.852,8587.816,IMF_IFS_realGDP_nsa_baseyear,IMF_IFS_realGDP_nsa_baseyear,2010,2010.0,observed quarterly,USD GDP jump dlog=-0.41; local real GDP/worker jump dlog=-0.40
ROM,Romania,2013-Q4,2014-Q1,-0.40027993312808263,-32.98675724901183,-0.41167775042134025,0.0,-0.41167775042134025,-0.011397817293257617,-0.4002799331280791,115802.1787427,174785.78354625,0.3146732118694736,0.3146732118694736,36439.84352644829,55000.40389762108,8401.451,8497.757,IMF_IFS_realGDP_nsa_baseyear,IMF_IFS_realGDP_nsa_baseyear,2010,2010.0,observed quarterly,USD GDP jump dlog=-0.41; local real GDP/worker jump dlog=-0.40
KOR,"Korea, Rep.",1979-Q4,1980-Q1,-0.39937653311462196,-32.92619013055996,-0.2583419789869268,0.0,-0.2583419789869268,0.14103455412767651,-0.3993765331146042,41715300.0,54012200.0,0.0008472667527584,0.0008472667527584,35343.98677134178,45762.74130333634,13760.0,11950.0,IMF_IFS_NA (nsa_clv),IMF_IFS_NA (nsa_clv),2020,2020.0,observed quarterly,USD GDP jump dlog=-0.26; local real GDP/worker jump dlog=-0.40
KOR,"Korea, Rep.",1971-Q3,1971-Q4,0.3975331621136302,48.81491433195346,0.15690938181569436,0.0,0.1569093818156979,-0.24062378029797848,0.3975331621136762,24308200.0,20778200.0,0.0008472667527584,0.0008472667527584,20595.52967940133,17604.67804216424,8495.0,10806.0,IMF_IFS_NA (nsa_clv),IMF_IFS_NA (nsa_clv),2020,2020.0,observed quarterly,local real GDP/worker jump dlog=0.40
BWA,Botswana,2008-Q4,2009-Q1,-0.3942564930861838,-32.581888873207845,-0.36617990736880657,0.0,-0.3661799073688057,0.028076585717366598,-0.39425649308617494,23026.8869188081,33209.7144495219,0.0917333708420894,0.0917333708420894,2112.33395706188,3046.439051157886,619.3692532887254,602.2213333333333,IMF_IFS_realGDP_nsa_baseyear,IMF_IFS_realGDP_nsa_baseyear,2016,2016.0,interpolated from annual,USD GDP jump dlog=-0.37; local real GDP/worker jump dlog=-0.39
ROM,Romania,2021-Q4,2022-Q1,-0.39105266717685794,-32.36554660559463,-0.39211722396722415,0.0,-0.39211722396722415,-0.001064556790375093,-0.39105266717685216,157589.57869813,233250.10133906,0.3146732118694736,0.3146732118694736,49589.21888609775,73397.55855724221,7743.702,7751.95,IMF_IFS_realGDP_nsa_baseyear,IMF_IFS_realGDP_nsa_baseyear,2010,2010.0,observed quarterly,USD GDP jump dlog=-0.39; local real GDP/worker jump dlog=-0.39
ROM,Romania,2001-Q4,2002-Q1,-0.3888175762929764,-32.214208391047116,-0.5187769005232834,0.0,-0.5187769005232834,-0.12995932423033807,-0.388817576292948,70962.514914217,119215.01115258,0.3146732118694736,0.3146732118694736,22330.00249039209,37513.77046243747,9118.556,10384.048,IMF_IFS_realGDP_nsa_baseyear,IMF_IFS_realGDP_nsa_baseyear,2010,2010.0,observed quarterly,USD GDP jump dlog=-0.52; local real GDP/worker jump dlog=-0.39
KOR,"Korea, Rep.",1969-Q3,1969-Q4,0.38540049116414643,47.020300686537155,0.14659017275470632,0.0,0.14659017275470632,-0.23881031840948985,0.38540049116419606,20575400.0,17769900.0,0.0008472667527584,0.0008472667527584,17432.85234470484,15055.84546984119,7967.0,10116.0,IMF_IFS_NA (nsa_clv),IMF_IFS_NA (nsa_clv),2020,2020.0,observed quarterly,local real GDP/worker jump dlog=0.39
ROM,Romania,2017-Q4,2018-Q1,-0.38346768262448006,-31.850589820631715,-0.3910407703376464,0.0,-0.3910407703376464,-0.0075730877131654495,-0.3834676826244814,139814.12489882,206717.81103522,0.3146732118694736,0.3146732118694736,43995.75974663143,65048.55754907959,8477.031,8541.472,IMF_IFS_realGDP_nsa_baseyear,IMF_IFS_realGDP_nsa_baseyear,2010,2010.0,observed quarterly,USD GDP jump dlog=-0.39; local real GDP/worker jump dlog=-0.38
KOR,"Korea, Rep.",1973-Q4,1974-Q1,-0.3804981159650582,-31.64791482478645,-0.2148008222476676,0.0,-0.2148008222476676,0.1656972937173844,-0.38049811596505,25057700.0,31061900.0,0.0008472667527584,0.0008472667527584,21230.55611059374,26317.71514750562,11048.0,9361.0,IMF_IFS_NA (nsa_clv),IMF_IFS_NA (nsa_clv),2020,2020.0,observed quarterly,local real GDP/worker jump dlog=-0.38
KOR,"Korea, Rep.",1978-Q3,1978-Q4,0.3794315046902268,46.14535237544306,0.191566434419844,0.0,0.19156643441984578,-0.18786507027038013,0.3794315046902248,52480500.0,43331300.0,0.0008472667527584,0.0008472667527584,44464.98281813633,36713.16984379933,11603.0,14001.0,IMF_IFS_NA (nsa_clv),IMF_IFS_NA (nsa_clv),2020,2020.0,observed quarterly,local real GDP/worker jump dlog=0.38
ROM,Romania,1998-Q2,1998-Q3,0.377971552353241,45.932142802480726,0.376811637412235,0.0,0.376811637412235,-0.0011599149410042031,0.3779715523532312,106435.39058491,73019.498079905,0.3146732118694736,0.3146732118694736,33492.36621193556,22977.27998990057,11082.28203753506,11095.144,IMF_IFS_realGDP_nsa_baseyear,IMF_IFS_realGDP_nsa_baseyear,2010,2010.0,interpolated from annual,empl_source observed quarterly -> interpolated from annual; USD GDP jump dlog=0.38; local real GDP/worker jump dlog=0.38
MNG,Mongolia,2018-Q4,2019-Q1,-0.3776351717691444,-31.451946229533156,-0.3268493862162156,0.0,-0.32684938621621473,0.05078578555292523,-0.3776351717691402,5481667.22568995,7600839.32861146,0.0005075345620463,0.0005075345620463,2782.135574674169,3857.688659831198,1321.809,1256.356,IMF_IFS_realGDP_nsa_baseyear,IMF_IFS_realGDP_nsa_baseyear,2015,2015.0,observed quarterly,USD GDP jump dlog=-0.33; local real GDP/worker jump dlog=-0.38
ROM,Romania,2011-Q4,2012-Q1,-0.37381214456422995,-31.189383582845174,-0.38089045305376423,0.0,-0.38089045305376423,-0.0070783084895236215,-0.37381214456424416,114066.44754277,166946.20000017,0.3146732118694736,0.3146732118694736,35893.65541482426,52533.49696345702,8370.054,8429.51,IMF_IFS_realGDP_nsa_baseyear,IMF_IFS_realGDP_nsa_baseyear,2010,2010.0,observed quarterly,USD GDP jump dlog=-0.38; local real GDP/worker jump dlog=-0.37
KOR,"Korea, Rep.",1978-Q4,1979-Q1,-0.37372950373871294,-31.183696781722393,-0.2316806654723358,0.0,-0.23168066547233757,0.14204883826637982,-0.37372950373871605,41627500.0,52480500.0,0.0008472667527584,0.0008472667527584,35269.59675044959,44464.98281813633,13374.0,11603.0,IMF_IFS_NA (nsa_clv),IMF_IFS_NA (nsa_clv),2020,2020.0,observed quarterly,local real GDP/worker jump dlog=-0.37
MAC,Macao,2003-Q2,2003-Q3,0.3696854400656284,44.72792869756268,0.3770402170285472,0.0,0.3770402170285472,0.007354776962916532,0.3696854400656302,40839.0,28011.0,0.1249136261310812,0.1249136261310812,5101.347577567225,3498.955581557716,204.7,203.2,IMF_IFS_realGDP_nsa_baseyear,IMF_IFS_realGDP_nsa_baseyear,2021,2021.0,observed quarterly,USD GDP jump dlog=0.38; local real GDP/worker jump dlog=0.37
SYC,Seychelles,2014-Q4,2015-Q1,0.3692572759141255,44.66597465097048,-0.01059691335526125,0.0,-0.01059691335526125,-0.37985418926938586,0.36925727591412527,4808.716422227721,4859.94492612329,0.0784496261875312,0.0784496261875312,377.242005765607,381.2608627463609,29.10270330657729,42.55022982363876,IMF_IFS_realGDP_nsa_baseyear,IMF_IFS_realGDP_nsa_baseyear,2014,2014.0,interpolated from annual,employment jump dlog=-0.38; local real GDP/worker jump dlog=0.37
ROM,Romania,1995-Q4,1996-Q1,-0.3673853850799169,-30.745730201402022,-0.3845625128373129,0.0,-0.38456251283731113,-0.017177127757380006,-0.36738538507994,71698.74784838001,105323.418943,0.3146732118694736,0.3146732118694736,22561.67527246925,33142.45852386797,10949.12445432537,11138.82354238211,IMF_IFS_realGDP_nsa_baseyear,IMF_IFS_realGDP_nsa_baseyear,2010,2010.0,interpolated from annual,USD GDP jump dlog=-0.38; local real GDP/worker jump dlog=-0.37
ROM,Romania,2014-Q4,2015-Q1,-0.3662057772854519,-30.663989123219526,-0.40397794984460234,0.0,-0.40397794984460234,-0.037772172559158435,-0.3662057772854461,120380.22031813,180301.99339738,0.3146732118694736,0.3146732118694736,37880.43057306083,56736.20736882219,8236.634,8553.7,IMF_IFS_realGDP_nsa_baseyear,IMF_IFS_realGDP_nsa_baseyear,2010,2010.0,observed quarterly,USD GDP jump dlog=-0.40; local real GDP/worker jump dlog=-0.37
KOR,"Korea, Rep.",1966-Q4,1967-Q1,-0.36430770675395774,-30.532259507700488,-0.19178965967715556,0.0,-0.19178965967715556,0.1725180470768226,-0.3643077067539792,11747000.0,14230500.0,0.0008472667527584,0.0008472667527584,9952.842544652727,12057.02952512817,7958.0,6697.0,IMF_IFS_NA (nsa_clv),IMF_IFS_NA (nsa_clv),2020,2020.0,observed quarterly,local real GDP/worker jump dlog=-0.36
KOR,"Korea, Rep.",1974-Q3,1974-Q4,0.3635616545164648,43.84435407123248,0.15270799781951538,0.0,0.1527079978195136,-0.21085365669695122,0.36356165451646616,32889500.0,28231700.0,0.0008472667527584,0.0008472667527584,27866.17986484684,23919.78078384884,9726.0,12009.0,IMF_IFS_NA (nsa_clv),IMF_IFS_NA (nsa_clv),2020,2020.0,observed quarterly,local real GDP/worker jump dlog=0.36
ROM,Romania,2016-Q4,2017-Q1,-0.363404336087668,-30.469476034582033,-0.3718249427987441,0.0,-0.3718249427987441,-0.008420606711087686,-0.36340433608765466,131074.24288094,190107.33714965,0.3146732118694736,0.3146732118694736,41245.55300070487,59821.68638083327,8323.4,8393.784,IMF_IFS_realGDP_nsa_baseyear,IMF_IFS_realGDP_nsa_baseyear,2010,2010.0,observed quarterly,USD GDP jump dlog=-0.37; local real GDP/worker jump dlog=-0.36
ROM,Romania,2015-Q4,2016-Q1,-0.3633475576290621,-30.465528086527083,-0.39132492675001274,0.0,-0.39132492675001274,-0.027977369120957718,-0.3633475576290568,124526.47708993,184167.06128275,0.3146732118694736,0.3146732118694736,39185.1465086787,57952.44069440512,8249.387,8483.442,IMF_IFS_realGDP_nsa_baseyear,IMF_IFS_realGDP_nsa_baseyear,2010,2010.0,observed quarterly,USD GDP jump dlog=-0.39; local real GDP/worker jump dlog=-0.36
KOR,"Korea, Rep.",1972-Q4,1973-Q1,-0.3618495784287772,-30.36128883927801,-0.22084505347484296,0.0,-0.22084505347484296,0.14100452495396532,-0.3618495784288074,21665100.0,27019200.0,0.0008472667527584,0.0008472667527584,18356.11892518564,22892.4698461293,10227.0,8882.0,IMF_IFS_NA (nsa_clv),IMF_IFS_NA (nsa_clv),2020,2020.0,observed quarterly,local real GDP/worker jump dlog=-0.36
MNG,Mongolia,2016-Q4,2017-Q1,-0.3591866387902556,-30.175598022966554,-0.34675412541125894,0.0,-0.34675412541125805,0.012432513379005528,-0.3591866387902629,4740692.71899905,6705562.418573019,0.0005075345620463,0.0005075345620463,2406.065402933321,3403.304685384664,1147.015,1132.843,IMF_IFS_realGDP_nsa_baseyear,IMF_IFS_realGDP_nsa_baseyear,2015,2015.0,observed quarterly,USD GDP jump dlog=-0.35; local real GDP/worker jump dlog=-0.36
KOR,"Korea, Rep.",1971-Q4,1972-Q1,-0.35783987249691496,-30.081497520461863,-0.23565870123940158,0.0,-0.23565870123940336,0.12218117125750538,-0.3578398724969071,19204700.0,24308200.0,0.0008472667527584,0.0008472667527584,16271.50380669892,20595.52967940133,9599.0,8495.0,IMF_IFS_NA (nsa_clv),IMF_IFS_NA (nsa_clv),2020,2020.0,observed quarterly,local real GDP/worker jump dlog=-0.36
KOR,"Korea, Rep.",1969-Q4,1970-Q1,-0.35620193619779705,-29.966881626128405,-0.24512164800450975,0.0,-0.24512164800450797,0.11108028819330507,-0.3562019361978134,16102500.0,20575400.0,0.0008472667527584,0.0008472667527584,13643.11288629186,17432.85234470484,8903.0,7967.0,IMF_IFS_NA (nsa_clv),IMF_IFS_NA (nsa_clv),2020,2020.0,observed quarterly,local real GDP/worker jump dlog=-0.36
MNE,Montenegro,2021-Q4,2022-Q1,-0.35094876975101297,-29.59801799575542,-0.3356911322702558,0.0,-0.3356911322702558,0.015257637480758923,-0.35094876975103073,735.327,1028.654,1.325716666666669,1.325716666666669,974.8352593500018,1363.703752033336,234.648,231.095,IMF_IFS_realGDP_nsa_baseyear,IMF_IFS_realGDP_nsa_baseyear,2010,2010.0,observed quarterly,USD GDP jump dlog=-0.34; local real GDP/worker jump dlog=-0.35
SYC,Seychelles,2020-Q1,2020-Q2,-0.3474890833795605,-29.354027395984684,-0.304973023606518,0.0,-0.304973023606518,0.042516059773041626,-0.3474890833795601,4762.40534458109,6460.6238782265,0.0784496261875312,0.0784496261875312,373.6089190358871,506.8335281851069,48.913,46.877,IMF_IFS_realGDP_nsa_baseyear,IMF_IFS_realGDP_nsa_baseyear,2014,2014.0,observed quarterly,USD GDP jump dlog=-0.30; local real GDP/worker jump dlog=-0.35
KOR,"Korea, Rep.",1970-Q4,1971-Q1,-0.3460044837581622,-29.24906852012753,-0.23081885215944453,0.0,-0.23081885215944276,0.11518563159869899,-0.3460044837581413,18180800.0,22901100.0,0.0008472667527584,0.0008472667527584,15403.98737854961,19403.34063159501,9228.0,8224.0,IMF_IFS_NA (nsa_clv),IMF_IFS_NA (nsa_clv),2020,2020.0,observed quarterly,local real GDP/worker jump dlog=-0.35
MNG,Mongolia,2015-Q4,2016-Q1,-0.33584705096691625,-28.52675849117281,-0.3157118438129114,0.0,-0.3157118438129123,0.020135207154012846,-0.3358470509669238,4478782.82250534,6141464.07185682,0.0005075345620463,0.0005075345620463,2273.137078320791,3117.005278033009,1089.303,1067.589,IMF_IFS_realGDP_nsa_baseyear,IMF_IFS_realGDP_nsa_baseyear,2015,2015.0,observed quarterly,USD GDP jump dlog=-0.32; local real GDP/worker jump dlog=-0.34
BIH,Bosnia and Herzegovina,2019-Q4,2020-Q1,-0.33269655985072877,-28.301227598761624,-0.07511969911739413,0.0,-0.07511969911739413,0.2575768607333364,-0.3326965598507323,7396.0807490239,7973.0725306643,0.677167471749553,0.677167471749553,5008.385301672055,5399.105367665755,1148.636,887.8062832577656,IMF_IFS_realGDP_nsa_baseyear,IMF_IFS_realGDP_nsa_baseyear,2010,2010.0,observed quarterly,empl_source interpolated from annual -> observed quarterly; employment jump dlog=0.26; local real GDP/worker jump dlog=-0.33
KOR,"Korea, Rep.",1981-Q4,1982-Q1,-0.33247935931002104,-28.285652895272218,-0.20444256940169225,0.0,-0.20444256940169403,0.128036789908327,-0.3324793593100219,47335800.0,58073500.0,0.0008472667527584,0.0008472667527584,40106.04955522027,49203.74576631396,14079.0,12387.0,IMF_IFS_NA (nsa_clv),IMF_IFS_NA (nsa_clv),2020,2020.0,observed quarterly,local real GDP/worker jump dlog=-0.33
ROM,Romania,1997-Q2,1997-Q3,0.3312169102365434,39.26618421577652,0.3341551991558429,0.0,0.3341551991558429,0.002938288919315468,0.3312169102365372,106046.55505154,75923.252697673,0.3146732118694736,0.3146732118694736,33370.01008576105,23891.01378195444,11231.02155188121,11198.07,IMF_IFS_realGDP_nsa_baseyear,IMF_IFS_realGDP_nsa_baseyear,2010,2010.0,interpolated from annual,empl_source observed quarterly -> interpolated from annual; USD GDP jump dlog=0.33; local real GDP/worker jump dlog=0.33
MNE,Montenegro,2015-Q2,2015-Q3,0.33047012058866887,39.162220495451905,0.3470773471643458,0.0,0.3470773471643458,0.016607226575667156,0.33047012058867686,1124.838,794.98,1.325716666666669,1.325716666666669,1491.216483900003,1053.918235666669,229.932,226.145,IMF_IFS_realGDP_nsa_baseyear,IMF_IFS_realGDP_nsa_baseyear,2010,2010.0,observed quarterly,USD GDP jump dlog=0.35; local real GDP/worker jump dlog=0.33
KOR,"Korea, Rep.",1968-Q3,1968-Q4,0.32858608471776307,38.90028070962144,0.09033976521779863,0.0,0.09033976521779685,-0.23824631949996622,0.32858608471776274,17022600.0,15552200.0,0.0008472667527584,0.0008472667527584,14422.68302550485,13176.86199224893,7728.0,9807.0,IMF_IFS_NA (nsa_clv),IMF_IFS_NA (nsa_clv),2020,2020.0,observed quarterly,local real GDP/worker jump dlog=0.33
MNE,Montenegro,2014-Q2,2014-Q3,0.3268726102731412,38.662482417104485,0.34766652318488145,0.0,0.34766652318488056,0.02079391291173316,0.32687261027315806,1081.526,763.919,1.325716666666669,1.325716666666669,1433.797043633336,1012.740150283335,223.235,218.641,IMF_IFS_realGDP_nsa_baseyear,IMF_IFS_realGDP_nsa_baseyear,2010,2010.0,observed quarterly,USD GDP jump dlog=0.35; local real GDP/worker jump dlog=0.33
KOR,"Korea, Rep.",1979-Q3,1979-Q4,0.32685429921799347,38.659943383988306,0.14592841606302542,0.0,0.14592841606302365,-0.1809258831549787,0.32685429921800413,54012200.0,46678400.0,0.0008472667527584,0.0008472667527584,45762.74130333634,39549.05639195691,11950.0,14320.0,IMF_IFS_NA (nsa_clv),IMF_IFS_NA (nsa_clv),2020,2020.0,observed quarterly,local real GDP/worker jump dlog=0.33
KOR,"Korea, Rep.",1980-Q4,1981-Q1,-0.3253043854356772,-27.769253969339267,-0.17320073993072427,0.0,-0.17320073993072427,0.15210364550496713,-0.3253043854356916,43354800.0,51553400.0,0.0008472667527584,0.0008472667527584,36733.08061248915,43679.48181165403,13827.0,11876.0,IMF_IFS_NA (nsa_clv),IMF_IFS_NA (nsa_clv),2020,2020.0,observed quarterly,local real GDP/worker jump dlog=-0.33
BLR,Belarus,2017-Q4,2018-Q1,0.32355311102537243,38.20295553256432,0.3216917187081183,0.0,0.3216917187081183,-0.0018613923172470237,0.32355311102536977,28137.8,20397.7,0.4907714518246474,0.4907714518246474,13809.22895715156,10010.60884288361,4896.434495615592,4905.557168970671,IMF_IFS_realGDP_nsa_baseyear,IMF_IFS_realGDP_nsa_baseyear,2018,2018.0,interpolated from annual,USD GDP jump dlog=0.32; local real GDP/worker jump dlog=0.32
MNE,Montenegro,2012-Q4,2013-Q1,-0.323548455294536,-27.642310405869253,-0.2622947451037456,0.0,-0.26229474510374473,0.061253710190783295,-0.3235484552945511,597.53,776.735,1.325716666666669,1.325716666666669,792.1554798333348,1029.730535083335,195.185,183.588,IMF_IFS_realGDP_nsa_baseyear,IMF_IFS_realGDP_nsa_baseyear,2010,2010.0,observed quarterly,USD GDP jump dlog=-0.26; local real GDP/worker jump dlog=-0.32
MNE,Montenegro,2023-Q1,2023-Q2,0.31608254234991495,37.1743477883308,0.31608254234992383,0.0,0.31608254234992383,0.0,0.31608254234990074,1058.392,771.567,1.325716666666669,1.325716666666669,1403.127914266669,1022.879231350002,1113.145,1113.145,IMF_IFS_realGDP_nsa_baseyear,IMF_IFS_realGDP_nsa_baseyear,2010,2010.0,observed quarterly,USD GDP jump dlog=0.32; local real GDP/worker jump dlog=0.32
LCA,St. Lucia,2020-Q1,2020-Q2,-0.31563705823050636,-27.067589568134853,-0.3355662342942338,0.0,-0.3355662342942338,-0.019929176063733678,-0.31563705823050014,946.5,1323.9,0.3703703703703704,0.3703703703703704,350.5555555555556,490.3333333333334,74.577,76.07816698911559,IMF_IFS_realGDP_nsa_baseyear,IMF_IFS_realGDP_nsa_baseyear,2018,2018.0,observed quarterly,empl_source interpolated from annual -> observed quarterly; USD GDP jump dlog=-0.34; local real GDP/worker jump dlog=-0.32
MNE,Montenegro,2013-Q4,2014-Q1,-0.31425087858153233,-26.966422043060778,-0.263223509583562,0.0,-0.263223509583562,0.051027368997955236,-0.31425087858150746,629.173,818.628,1.325716666666669,1.325716666666669,834.1051323166682,1085.268783400002,207.589,197.262,IMF_IFS_realGDP_nsa_baseyear,IMF_IFS_realGDP_nsa_baseyear,2010,2010.0,observed quarterly,USD GDP jump dlog=-0.26; local real GDP/worker jump dlog=-0.31
MNE,Montenegro,2019-Q2,2019-Q3,0.31405171675327725,36.89605329108077,0.33881338434952823,0.0,0.33881338434952823,0.02476166759625187,0.31405171675328614,1337.918,953.421,1.325716666666669,1.325716666666669,1773.700191233336,1263.966110050002,254.154,247.938,IMF_IFS_realGDP_nsa_baseyear,IMF_IFS_realGDP_nsa_baseyear,2010,2010.0,observed quarterly,USD GDP jump dlog=0.34; local real GDP/worker jump dlog=0.31
MNE,Montenegro,2020-Q2,2020-Q3,0.3134258035733142,36.81039505714625,0.26307013529584555,0.0,0.26307013529584555,-0.050355668277467736,0.31342580357330174,977.861,751.67,1.325716666666669,1.325716666666669,1296.366625383336,996.5014468333352,215.432,226.558,IMF_IFS_realGDP_nsa_baseyear,IMF_IFS_realGDP_nsa_baseyear,2010,2010.0,observed quarterly,USD GDP jump dlog=0.26; local real GDP/worker jump dlog=0.31
MNE,Montenegro,2018-Q2,2018-Q3,0.31229939574262744,36.65637751640123,0.34109598853961565,0.0,0.34109598853961565,0.028796592796979326,0.312299395742631,1279.059,909.399,1.325716666666669,1.325716666666669,1695.669833950003,1205.605410950002,247.2,240.183,IMF_IFS_realGDP_nsa_baseyear,IMF_IFS_realGDP_nsa_baseyear,2010,2010.0,observed quarterly,USD GDP jump dlog=0.34; local real GDP/worker jump dlog=0.31
ROM,Romania,2020-Q4,2021-Q1,-0.3098382781959188,-26.643441981897066,-0.4176291827220844,0.0,-0.4176291827220844,-0.10779090452616202,-0.30983827819592236,149793.68077284,227440.36416487,0.3146732118694736,0.3146732118694736,47136.05864654017,71569.38990052236,7635.622,8504.669,IMF_IFS_realGDP_nsa_baseyear,IMF_IFS_realGDP_nsa_baseyear,2010,2010.0,observed quarterly,USD GDP jump dlog=-0.42; local real GDP/worker jump dlog=-0.31
MNE,Montenegro,2017-Q2,2017-Q3,0.3059928551276325,35.79726039722968,0.33664461640554055,0.0,0.33664461640553967,0.03065176127792313,0.3059928551276272,1210.223,864.296,1.325716666666669,1.325716666666669,1604.412801483336,1145.811612133336,239.774,232.536,IMF_IFS_realGDP_nsa_baseyear,IMF_IFS_realGDP_nsa_baseyear,2010,2010.0,observed quarterly,USD GDP jump dlog=0.34; local real GDP/worker jump dlog=0.31
MNG,Mongolia,2023-Q4,2024-Q1,-0.30408641050717833,-26.220288972646443,-0.29402067741394866,0.0,-0.29402067741394866,0.010065733093226115,-0.3040864105071759,6645686.1548698,8917259.09537806,0.0005075345620463,0.0005075345620463,3372.915412109081,4525.817189626193,1357.331,1343.737,IMF_IFS_realGDP_nsa_baseyear,IMF_IFS_realGDP_nsa_baseyear,2015,2015.0,observed quarterly,USD GDP jump dlog=-0.29; local real GDP/worker jump dlog=-0.30
MNE,Montenegro,2017-Q4,2018-Q1,-0.3035053340080731,-26.17740485818877,-0.2906619621002422,0.0,-0.2906619621002422,0.01284337190782825,-0.3035053340080678,704.261,941.817,1.325716666666669,1.325716666666669,933.650545383335,1248.582493850002,224.978,222.107,IMF_IFS_realGDP_nsa_baseyear,IMF_IFS_realGDP_nsa_baseyear,2010,2010.0,observed quarterly,USD GDP jump dlog=-0.29; local real GDP/worker jump dlog=-0.30
BGR,Bulgaria,2016-Q4,2017-Q1,-0.3017995824002977,-26.051374390056715,-0.2915828495070514,0.0,-0.2915828495070496,0.010216732893256975,-0.3017995824003048,17233.814394447,23068.227931004,0.6768685803245588,0.6768685803245588,11665.02748274629,15614.15869026201,3036.68,3005.813,IMF_IFS_realGDP_nsa_baseyear,IMF_IFS_realGDP_nsa_baseyear,2010,2010.0,observed quarterly,USD GDP jump dlog=-0.29; local real GDP/worker jump dlog=-0.30
MNE,Montenegro,2019-Q4,2020-Q1,-0.30104620069696875,-25.995641857236684,-0.3083611213246096,0.0,-0.30836112132461047,-0.007314920627635502,-0.30104620069696875,743.407,1011.92,1.325716666666669,1.325716666666669,985.5470500166684,1341.519209333336,236.32,238.055,IMF_IFS_realGDP_nsa_baseyear,IMF_IFS_realGDP_nsa_baseyear,2010,2010.0,observed quarterly,USD GDP jump dlog=-0.31; local real GDP/worker jump dlog=-0.30
MNG,Mongolia,2021-Q4,2022-Q1,-0.2993296845235136,-25.868503092922957,-0.271094297502815,0.0,-0.2710942975028159,0.028235387020696834,-0.29932968452351294,5705792.32816445,7482568.79099879,0.0005075345620463,0.0005075345620463,2895.886810402149,3797.66227432097,1284.891,1249.119,IMF_IFS_realGDP_nsa_baseyear,IMF_IFS_realGDP_nsa_baseyear,2015,2015.0,observed quarterly,USD GDP jump dlog=-0.27; local real GDP/worker jump dlog=-0.30
MNE,Montenegro,2013-Q2,2013-Q3,0.29863838584115765,34.80220714578965,0.32614122707057636,0.0,0.32614122707057636,0.027502841229420483,0.2986383858411461,1064.831,768.492,1.325716666666669,1.325716666666669,1411.664203883336,1018.802652600002,210.483,204.773,IMF_IFS_realGDP_nsa_baseyear,IMF_IFS_realGDP_nsa_baseyear,2010,2010.0,observed quarterly,USD GDP jump dlog=0.33; local real GDP/worker jump dlog=0.30
ROM,Romania,1995-Q2,1995-Q3,0.2971722033795956,34.60470733465255,0.30082637915162636,0.0,0.30082637915162636,0.0036541757720414125,0.2971722033795885,107275.08373921,79405.690331511,0.3146732118694736,0.3146732118694736,33756.59515378395,24986.84361732937,11185.66807167481,11144.86826464635,IMF_IFS_realGDP_nsa_baseyear,IMF_IFS_realGDP_nsa_baseyear,2010,2010.0,interpolated from annual,USD GDP jump dlog=0.30; local real GDP/worker jump dlog=0.30
MDA,Moldova,2020-Q2,2020-Q3,0.296731647288885,34.54541947177143,0.31034369933648875,0.0,0.31034369933648875,0.01361205204762772,0.2967316472888628,46760.7139756986,34284.7176763879,0.0531392683136882,0.0531392683136882,2484.830126494276,1821.864811664624,1521.839,1501.264,IMF_IFS_realGDP_nsa_baseyear,IMF_IFS_realGDP_nsa_baseyear,2015,2015.0,observed quarterly,USD GDP jump dlog=0.31; local real GDP/worker jump dlog=0.30
MNG,Mongolia,2019-Q1,2019-Q2,0.2959028344241048,34.43395269614564,0.2880853015177358,0.0,0.2880853015177349,-0.007817532906364555,0.2959028344240995,7311837.385263151,5481667.22568995,0.0005075345620463,0.0005075345620463,3711.010185083382,2782.135574674169,1311.516,1321.809,IMF_IFS_realGDP_nsa_baseyear,IMF_IFS_realGDP_nsa_baseyear,2015,2015.0,observed quarterly,USD GDP jump dlog=0.29; local real GDP/worker jump dlog=0.30
GEO,Georgia,2008-Q4,2009-Q1,-0.2953642034921078,-25.573952416533206,-0.2840574756485932,0.0,-0.28405747564859407,0.011306727843519049,-0.2953642034920847,4206.71912684327,5588.66542146535,0.3548433455340304,0.3548433455340304,1492.726288691061,1983.100735223117,1605.45533978697,1587.405129898084,IMF_IFS_realGDP_nsa_baseyear,IMF_IFS_realGDP_nsa_baseyear,2019,2019.0,interpolated from annual,USD GDP jump dlog=-0.28; local real GDP/worker jump dlog=-0.30
GEO,Georgia,2003-Q4,2004-Q1,-0.2935828161039611,-25.441252634250933,-0.2978408390449392,0.0,-0.2978408390449392,-0.004258022941062478,-0.2935828161038616,3016.2101054032,4062.67632730998,0.3548433455340304,0.3548433455340304,1070.282084634822,1441.613659804581,1795.944147164227,1803.607622592094,IMF_IFS_realGDP_nsa_baseyear,IMF_IFS_realGDP_nsa_baseyear,2019,2019.0,interpolated from annual,USD GDP jump dlog=-0.30; local real GDP/worker jump dlog=-0.29
MNG,Mongolia,2022-Q4,2023-Q1,-0.2934805117821533,-25.433624561981116,-0.3014749647341315,0.0,-0.3014749647341315,-0.007994452951986197,-0.29348051178214396,6155690.835095019,8321578.47781951,0.0005075345620463,0.0005075345620463,3124.225852082445,4223.488688274138,1279.388,1289.657,IMF_IFS_realGDP_nsa_baseyear,IMF_IFS_realGDP_nsa_baseyear,2015,2015.0,observed quarterly,USD GDP jump dlog=-0.30; local real GDP/worker jump dlog=-0.29
MNE,Montenegro,2024-Q1,2024-Q2,0.2933270947717741,34.08813139757634,0.3039512328289691,0.0,0.3039512328289691,0.0106241380571781,0.29332709477179986,1104.981,815.362,1.325716666666669,1.325716666666669,1464.891728050003,1080.938992766669,283.5,280.504,IMF_IFS_realGDP_nsa_baseyear,IMF_IFS_realGDP_nsa_baseyear,2010,2010.0,observed quarterly,USD GDP jump dlog=0.30; local real GDP/worker jump dlog=0.29
BGR,Bulgaria,2023-Q4,2024-Q1,-0.29310148433648564,-25.405356502319343,-0.29764102844607265,0.0,-0.29764102844607265,-0.004539544109579019,-0.2931014843364874,21030.355087758,28321.122457472,0.6768685803245588,0.6768685803245588,14234.78659197212,19169.67795098705,2907.34,2920.568,IMF_IFS_realGDP_nsa_baseyear,IMF_IFS_realGDP_nsa_baseyear,2010,2010.0,observed quarterly,USD GDP jump dlog=-0.30; local real GDP/worker jump dlog=-0.29
KOR,"Korea, Rep.",1967-Q4,1968-Q1,-0.29252049928168855,-25.362005537367306,-0.14537917034888181,0.0,-0.1453791703488836,0.14714132893284138,-0.2925204992817236,13336700.0,15423600.0,0.0008472667527584,0.0008472667527584,11299.74250151273,13067.9034878442,8222.0,7097.0,IMF_IFS_NA (nsa_clv),IMF_IFS_NA (nsa_clv),2020,2020.0,observed quarterly,local real GDP/worker jump dlog=-0.29
KOR,"Korea, Rep.",1981-Q3,1981-Q4,0.29218087280428495,33.93452468629996,0.116907589204029,0.0,0.11690758920402722,-0.17527328360026218,0.2921808728042916,58073500.0,51666100.0,0.0008472667527584,0.0008472667527584,49203.74576631396,43774.9687746899,12387.0,14760.0,IMF_IFS_NA (nsa_clv),IMF_IFS_NA (nsa_clv),2020,2020.0,observed quarterly,local real GDP/worker jump dlog=0.29
MNG,Mongolia,2015-Q1,2015-Q2,0.29186609912431205,33.89237225767463,0.31704733187460654,0.0,0.31704733187460654,0.02518123275032469,0.2918660991242812,5982719.88592687,4357192.65324557,0.0005075345620463,0.0005075345620463,3036.437117149653,2211.425865016397,1145.341,1116.86,IMF_IFS_realGDP_nsa_baseyear,IMF_IFS_realGDP_nsa_baseyear,2015,2015.0,observed quarterly,USD GDP jump dlog=0.32; local real GDP/worker jump dlog=0.29
MNE,Montenegro,2018-Q4,2019-Q1,-0.2886541375217462,-25.072869457582282,-0.2985024293253735,0.0,-0.2985024293253744,-0.00984829180363711,-0.2886541375217293,727.794,980.949,1.325716666666669,1.325716666666669,964.8486357000018,1300.460438450002,235.022,237.348,IMF_IFS_realGDP_nsa_baseyear,IMF_IFS_realGDP_nsa_baseyear,2010,2010.0,observed quarterly,USD GDP jump dlog=-0.30; local real GDP/worker jump dlog=-0.29
BGR,Bulgaria,2013-Q4,2014-Q1,-0.2877637540865372,-25.006125872417684,-0.30063024897405555,0.0,-0.30063024897405555,-0.012866494887521007,-0.28776375408654076,15673.048703782,21169.740838239,0.6768685803245588,0.6768685803245588,10608.59422548659,14329.13242701767,2894.138,2931.616,IMF_IFS_realGDP_nsa_baseyear,IMF_IFS_realGDP_nsa_baseyear,2010,2010.0,observed quarterly,USD GDP jump dlog=-0.30; local real GDP/worker jump dlog=-0.29
LKA,Sri Lanka,2020-Q2,2020-Q3,0.28721645810528784,33.27126587133931,0.2860492986135128,0.0,0.2860492986135128,-0.0011671594917697092,0.28721645810528373,3382766.5302392,2541220.75089734,0.0073606854403763,0.0073606854403763,24899.48034732387,18705.12658191213,7967.695,7977.0,IMF_IFS_realGDP_nsa_baseyear,IMF_IFS_realGDP_nsa_baseyear,2015,2015.0,observed quarterly,USD GDP jump dlog=0.29; local real GDP/worker jump dlog=0.29
MUS,Mauritius,2020-Q2,2020-Q3,0.2870020127028301,33.24268952523599,0.273721999545641,0.0,0.2737219995456428,-0.013280013157191739,0.2870020127028332,113933.0,86651.0,0.0294685783915755,0.0294685783915755,3357.443541887374,2553.481786208411,668.8268891591383,677.7681577236184,IMF_IFS_realGDP_nsa_baseyear,IMF_IFS_realGDP_nsa_baseyear,2018,2018.0,interpolated from annual,USD GDP jump dlog=0.27; local real GDP/worker jump dlog=0.29
MNE,Montenegro,2016-Q2,2016-Q3,0.28645445854255414,33.16975190673064,0.3204653590460804,0.0,0.3204653590460804,0.034010900503521846,0.28645445854254703,1145.747,831.596,1.325716666666669,1.325716666666669,1518.935893683336,1102.460677133335,232.423,224.651,IMF_IFS_realGDP_nsa_baseyear,IMF_IFS_realGDP_nsa_baseyear,2010,2010.0,observed quarterly,USD GDP jump dlog=0.32; local real GDP/worker jump dlog=0.29
MNE,Montenegro,2016-Q4,2017-Q1,-0.28626926906166883,-24.893964859976236,-0.28458425027381207,0.0,-0.28458425027381207,0.001685018787854986,-0.28626926906166617,670.136,890.751,1.325716666666669,1.325716666666669,888.4104641333349,1180.883446550002,222.737,222.362,IMF_IFS_realGDP_nsa_baseyear,IMF_IFS_realGDP_nsa_baseyear,2010,2010.0,observed quarterly,USD GDP jump dlog=-0.28; local real GDP/worker jump dlog=-0.29
MDA,Moldova,2021-Q4,2022-Q1,-0.28538825206399565,-24.827766009515717,-0.2949072971343991,0.0,-0.2949072971343982,-0.009519045070418564,-0.285388252063977,37737.9350515555,50682.1166948993,0.0531392683136882,0.0531392683136882,2005.366256309145,2693.210597755909,1510.064,1524.507,IMF_IFS_realGDP_nsa_baseyear,IMF_IFS_realGDP_nsa_baseyear,2015,2015.0,observed quarterly,USD GDP jump dlog=-0.29; local real GDP/worker jump dlog=-0.29
MDA,Moldova,2017-Q2,2017-Q3,0.2852730083956265,33.012511387981135,0.2893780295708588,0.0,0.289378029570857,0.00410502117526601,0.2852730083955928,48653.8910519463,36428.58455278791,0.0531392683136882,0.0531392683136882,2585.432171114327,1935.788328838473,1554.213,1547.846,IMF_IFS_realGDP_nsa_baseyear,IMF_IFS_realGDP_nsa_baseyear,2015,2015.0,observed quarterly,USD GDP jump dlog=0.29; local real GDP/worker jump dlog=0.29
BWA,Botswana,2020-Q1,2020-Q2,-0.28266090311743053,-24.622465260199256,-0.3078712186562118,0.0,-0.3078712186562118,-0.025210315538787498,-0.2826609031174243,33710.7093292876,45864.2886770692,0.0917333708420894,0.0917333708420894,3092.397000253421,4207.285801622228,858.9249729837481,880.854,IMF_IFS_realGDP_nsa_baseyear,IMF_IFS_realGDP_nsa_baseyear,2016,2016.0,interpolated from annual,empl_source observed quarterly -> interpolated from annual; USD GDP jump dlog=-0.31; local real GDP/worker jump dlog=-0.28
LKA,Sri Lanka,2020-Q1,2020-Q2,-0.28175234043800934,-24.553948924288306,-0.2871839708137447,0.0,-0.2871839708137447,-0.005431630375767327,-0.2817523404379777,2541220.75089734,3386607.03982862,0.0073606854403763,0.0073606854403763,18705.12658191213,24927.74913034234,7977.0,8020.446,IMF_IFS_realGDP_nsa_baseyear,IMF_IFS_realGDP_nsa_baseyear,2015,2015.0,observed quarterly,USD GDP jump dlog=-0.29; local real GDP/worker jump dlog=-0.28
KOR,"Korea, Rep.",1964-Q3,1964-Q4,0.28039235126016226,32.364904584096465,0.2936592253332897,0.0,0.2936592253332897,0.013266874073107005,0.280392351260183,12686000.0,9457800.0,0.0008472667527584,0.0008472667527584,10748.42602549285,8013.279494238236,7817.832112894623,7714.798894331022,IMF_IFS_NA (nsa_clv),IMF_IFS_NA (nsa_clv),2020,2020.0,interpolated from annual,USD GDP jump dlog=0.29; local real GDP/worker jump dlog=0.28
BGR,Bulgaria,2022-Q4,2023-Q1,-0.28009237750907356,-24.428607273902813,-0.2978662197343418,0.0,-0.29786621973434,-0.01777384222526912,-0.28009237750907445,20646.674149348,27810.68969047,0.6768685803245588,0.6768685803245588,13975.08501989295,18824.18204863527,2927.997,2980.504,IMF_IFS_realGDP_nsa_baseyear,IMF_IFS_realGDP_nsa_baseyear,2010,2010.0,observed quarterly,USD GDP jump dlog=-0.30; local real GDP/worker jump dlog=-0.28
BGR,Bulgaria,2021-Q4,2022-Q1,-0.27972785232546915,-24.401054576573166,-0.2824389143531789,0.0,-0.2824389143531789,-0.0027110620277213116,-0.2797278523254647,20195.858083805,26786.993495482,0.6768685803245588,0.6768685803245588,13669.94178962135,18131.27425845009,2868.046,2875.832,IMF_IFS_realGDP_nsa_baseyear,IMF_IFS_realGDP_nsa_baseyear,2010,2010.0,observed quarterly,USD GDP jump dlog=-0.28; local real GDP/worker jump dlog=-0.28
BHS,"Bahamas, The",2020-Q1,2020-Q2,-0.2797152437944135,-24.40010137891282,-0.28064233906335545,0.0,-0.28064233906335545,-0.000927095268938416,-0.2797152437944135,2158.99360322529,2858.46431478961,1.0,1.0,2158.99360322529,2858.46431478961,210.6411875,210.8365625,IMF_IFS_realGDP_nsa_baseyear,IMF_IFS_realGDP_nsa_baseyear,2018,2018.0,interpolated from annual,USD GDP jump dlog=-0.28; local real GDP/worker jump dlog=-0.28
MNG,Mongolia,2020-Q1,2020-Q2,0.27924356892631774,32.212933427692136,0.28392926751561376,0.0,0.28392926751561465,0.004685698589311116,0.279243568926304,6750041.73537857,5081565.687821929,0.0005075345620463,0.0005075345620463,3425.879475959688,2579.070215878267,1307.453,1301.341,IMF_IFS_realGDP_nsa_baseyear,IMF_IFS_realGDP_nsa_baseyear,2015,2015.0,observed quarterly,USD GDP jump dlog=0.28; local real GDP/worker jump dlog=0.28
ROM,Romania,1999-Q2,1999-Q3,0.2770535583448659,31.923702529443986,0.2902627429142264,0.0,0.2902627429142264,0.013209184569353383,0.2770535583448748,102394.54495945,76597.97929148101,0.3146732118694736,0.3146732118694736,32220.82034030335,24103.33216636176,11164.865,11018.356,IMF_IFS_realGDP_nsa_baseyear,IMF_IFS_realGDP_nsa_baseyear,2010,2010.0,observed quarterly,USD GDP jump dlog=0.29; local real GDP/worker jump dlog=0.28
UKR,Ukraine,2020-Q4,2021-Q1,-0.2759435053293773,-24.114419914121633,-0.27782230859072676,0.0,-0.27782230859072854,-0.0018788032613450412,-0.27594350532938305,527707.0,696706.0,0.0391368996794464,0.0391368996794464,20652.81591914162,27266.91282806838,15806.68799999999,15836.41357247268,IMF_IFS_realGDP_nsa_baseyear,IMF_IFS_realGDP_nsa_baseyear,2016,2016.0,interpolated from annual,USD GDP jump dlog=-0.28; local real GDP/worker jump dlog=-0.28
ROM,Romania,1996-Q2,1996-Q3,0.27394917092336435,31.514795278371153,0.27482279223124095,0.0,0.27482279223124095,0.000873621307890815,0.27394917092335724,109459.4235818,83157.061548746,0.3146732118694736,0.3146732118694736,34443.94838786621,26167.29964717141,10912.41239272943,10902.88323978424,IMF_IFS_realGDP_nsa_baseyear,IMF_IFS_realGDP_nsa_baseyear,2010,2010.0,interpolated from annual,USD GDP jump dlog=0.27; local real GDP/worker jump dlog=0.27
BOL,Bolivia,1996-Q3,1996-Q4,-0.2735142731233209,-23.929852130763784,0.007230228649410364,0.0,0.007230228649410364,0.2807445017727188,-0.27351427312329246,5026.10291395326,4989.8940974194,0.3151939230611634,0.3151939230611634,1584.197095158073,1572.784296225364,1729.365216943427,1306.053392887258,IMF_IFS_realGDP_nsa_baseyear,IMF_IFS_realGDP_nsa_baseyear,1990,1990.0,interpolated from annual,employment jump dlog=0.28; local real GDP/worker jump dlog=-0.27
XKX,"Kosovo, Rep.",2010-Q1,2010-Q2,0.27202025081734416,31.261358253986504,0.260316657614144,0.0,0.26031665761414224,-0.011703593203214346,0.27202025081736014,1063.08,819.43,1.325716666666669,1.325716666666669,1409.342874000002,1086.332008166669,351.8520625000001,355.9941875000002,IMF_IFS_realGDP_nsa_baseyear,IMF_IFS_realGDP_nsa_baseyear,2010,2010.0,interpolated from annual,USD GDP jump dlog=0.26; local real GDP/worker jump dlog=0.27
BGR,Bulgaria,2014-Q4,2015-Q1,-0.2714278769454186,-23.770973981248687,-0.2848714275506641,0.0,-0.28487142755066586,-0.013443550605228616,-0.27142787694545145,16233.644153408,21584.108273161,0.6768685803245588,0.6768685803245588,10988.04367161135,14609.60472442605,2949.76,2989.683,IMF_IFS_realGDP_nsa_baseyear,IMF_IFS_realGDP_nsa_baseyear,2010,2010.0,observed quarterly,USD GDP jump dlog=-0.28; local real GDP/worker jump dlog=-0.27
BWA,Botswana,2020-Q2,2020-Q3,0.2702044107653512,31.023224893869017,0.26927841639400363,0.0,0.26927841639400363,-0.0009259943713466612,0.27020441076535207,44127.9773142673,33710.7093292876,0.0917333708420894,0.0917333708420894,4048.008107480988,3092.397000253421,858.1299814290153,858.9249729837481,IMF_IFS_realGDP_nsa_baseyear,IMF_IFS_realGDP_nsa_baseyear,2016,2016.0,interpolated from annual,USD GDP jump dlog=0.27; local real GDP/worker jump dlog=0.27
MNE,Montenegro,2012-Q3,2012-Q4,-0.26983644268657514,-23.649563915279238,-0.27058240052826665,0.0,-0.27058240052826665,-0.0007459578416924018,-0.26983644268655915,776.735,1018.088,1.325716666666669,1.325716666666669,1029.730535083335,1349.696229733336,183.588,183.725,IMF_IFS_realGDP_nsa_baseyear,IMF_IFS_realGDP_nsa_baseyear,2010,2010.0,observed quarterly,USD GDP jump dlog=-0.27; local real GDP/worker jump dlog=-0.27
MNE,Montenegro,2023-Q2,2023-Q3,0.26958887109161456,30.942599717309037,0.26958887109159946,0.0,0.26958887109159857,0.0,0.2695888710915648,1385.886,1058.392,1.325716666666669,1.325716666666669,1837.292168300003,1403.127914266669,1113.145,1113.145,IMF_IFS_realGDP_nsa_baseyear,IMF_IFS_realGDP_nsa_baseyear,2010,2010.0,observed quarterly,USD GDP jump dlog=0.27; local real GDP/worker jump dlog=0.27
UKR,Ukraine,2020-Q2,2020-Q3,0.2694632662609129,30.92615372710943,0.2618579354834569,0.0,0.2618579354834569,-0.007605330777508357,0.2694632662609675,719508.0,553748.0,0.0391368996794464,0.0391368996794464,28159.31241455912,21671.97992369409,15911.74162139489,16033.2170244611,IMF_IFS_realGDP_nsa_baseyear,IMF_IFS_realGDP_nsa_baseyear,2016,2016.0,interpolated from annual,USD GDP jump dlog=0.26; local real GDP/worker jump dlog=0.27
KOR,"Korea, Rep.",1964-Q4,1965-Q1,-0.26691355188277477,-23.426073467806184,-0.24619814980535537,0.0,-0.24619814980535715,0.020715402077405187,-0.26691355188276156,9917500.0,12686000.0,0.0008472667527584,0.0008472667527584,8402.768020481264,10748.42602549285,7981.470716438673,7817.832112894623,IMF_IFS_NA (nsa_clv),IMF_IFS_NA (nsa_clv),2020,2020.0,interpolated from annual,local real GDP/worker jump dlog=-0.27
BGR,Bulgaria,2017-Q4,2018-Q1,-0.266723333320356,-23.41150630015356,-0.28851192804157577,0.0,-0.28851192804157577,-0.021788594721218857,-0.26672333332036047,17683.194607026,23597.166927277,0.6768685803245588,0.6768685803245588,11969.19882926058,15972.18087774761,3099.325,3167.596,IMF_IFS_realGDP_nsa_baseyear,IMF_IFS_realGDP_nsa_baseyear,2010,2010.0,observed quarterly,USD GDP jump dlog=-0.29; local real GDP/worker jump dlog=-0.27
BGR,Bulgaria,2019-Q4,2020-Q1,-0.2657555291411233,-23.337347756183668,-0.29940039619449976,0.0,-0.29940039619449976,-0.0336448670533791,-0.265755529141118,18527.98453087,24995.17141164,0.6768685803245588,0.6768685803245588,12541.01058568536,16918.44618836576,2920.69,3020.628,IMF_IFS_realGDP_nsa_baseyear,IMF_IFS_realGDP_nsa_baseyear,2010,2010.0,observed quarterly,USD GDP jump dlog=-0.30; local real GDP/worker jump dlog=-0.27
MUS,Mauritius,2021-Q2,2021-Q3,0.26538010949263047,30.392651643913894,0.2854729079426548,0.0,0.2854729079426557,0.020092798450034977,0.2653801094926205,120576.0,90632.0,0.0294685783915755,0.0294685783915755,3553.20330814261,2670.796196785273,476.064,466.594,IMF_IFS_realGDP_nsa_baseyear,IMF_IFS_realGDP_nsa_baseyear,2018,2018.0,observed quarterly,USD GDP jump dlog=0.29; local real GDP/worker jump dlog=0.27
KOR,"Korea, Rep.",1980-Q3,1980-Q4,0.26532769426135605,30.385817262035907,0.07533105208437618,0.0,0.07533105208437618,-0.18999664217696832,0.26532769426134517,51553400.0,47812500.0,0.0008472667527584,0.0008472667527584,43679.48181165403,40509.94161626019,11876.0,14361.0,IMF_IFS_NA (nsa_clv),IMF_IFS_NA (nsa_clv),2020,2020.0,observed quarterly,local real GDP/worker jump dlog=0.27
MNE,Montenegro,2011-Q2,2011-Q3,0.26448873689462005,30.276474993290336,0.30554892570301107,0.0,0.30554892570301195,0.04106018880839013,0.26448873689461383,1020.639,751.924,1.325716666666669,1.325716666666669,1353.078132950003,996.8381788666684,212.212,203.675,IMF_IFS_realGDP_nsa_baseyear,IMF_IFS_realGDP_nsa_baseyear,2010,2010.0,observed quarterly,USD GDP jump dlog=0.31; local real GDP/worker jump dlog=0.26
MNE,Montenegro,2020-Q4,2021-Q1,-0.2643875067113335,-23.23239975914738,-0.2938759897034551,0.0,-0.2938759897034551,-0.029488482992123366,-0.26438750671132194,701.457,941.087,1.325716666666669,1.325716666666669,929.9332358500016,1247.614720683336,193.3,199.085,IMF_IFS_realGDP_nsa_baseyear,IMF_IFS_realGDP_nsa_baseyear,2010,2010.0,observed quarterly,USD GDP jump dlog=-0.29; local real GDP/worker jump dlog=-0.26
MDA,Moldova,2018-Q2,2018-Q3,0.2606272380497314,29.77438257413465,0.2787455286449614,0.0,0.27874552864496227,0.01811829059523795,0.26062723804972165,50555.08501343489,38256.6731119754,0.0531392683136882,0.0531392683136882,2686.460227150232,2032.93161728632,1515.332,1488.124,IMF_IFS_realGDP_nsa_baseyear,IMF_IFS_realGDP_nsa_baseyear,2015,2015.0,observed quarterly,USD GDP jump dlog=0.28; local real GDP/worker jump dlog=0.26
XKX,"Kosovo, Rep.",2020-Q1,2020-Q2,0.259102391022096,29.57664728894802,0.07110003489235694,0.0,0.07110003489235694,-0.18800235612972926,0.25910239102208266,1355.044295,1262.045868,1.325716666666669,1.325716666666669,1796.404805953086,1673.115241305403,301.33,363.656,IMF_IFS_realGDP_nsa_baseyear,IMF_IFS_realGDP_nsa_baseyear,2010,2010.0,observed quarterly,local real GDP/worker jump dlog=0.26
BGR,Bulgaria,2015-Q4,2016-Q1,-0.2579784737721029,-22.738813665303013,-0.2866678003448353,0.0,-0.2866678003448353,-0.028689326572732377,-0.2579784737721065,16768.744931932,22335.660645559,0.6768685803245588,0.6768685803245588,11350.23657590145,15118.30691177064,2975.142,3061.733,IMF_IFS_realGDP_nsa_baseyear,IMF_IFS_realGDP_nsa_baseyear,2010,2010.0,observed quarterly,USD GDP jump dlog=-0.29; local real GDP/worker jump dlog=-0.26
GEO,Georgia,2000-Q4,2001-Q1,-0.25647120780474975,-22.62227270149275,-0.250825814657313,0.0,-0.25082581465731213,0.005645393147506894,-0.25647120780483323,2488.68851193805,3198.17931667287,0.3548433455340304,0.3548433455340304,883.0945575682055,1134.85264834594,1872.887865263271,1862.344465762216,IMF_IFS_realGDP_nsa_baseyear,IMF_IFS_realGDP_nsa_baseyear,2019,2019.0,interpolated from annual,USD GDP jump dlog=-0.25; local real GDP/worker jump dlog=-0.26
MNG,Mongolia,2016-Q1,2016-Q2,0.2564151263314942,29.228907983004504,0.29472347823440437,0.0,0.29472347823440526,0.03830835190291548,0.25641512633148844,6013908.057318309,4478782.82250534,0.0005075345620463,0.0005075345620463,3052.266192057833,2273.137078320791,1131.842,1089.303,IMF_IFS_realGDP_nsa_baseyear,IMF_IFS_realGDP_nsa_baseyear,2015,2015.0,observed quarterly,USD GDP jump dlog=0.29; local real GDP/worker jump dlog=0.26
XKX,"Kosovo, Rep.",2011-Q1,2011-Q2,0.255660948910867,29.131483200914655,0.24338254295006934,0.0,0.24338254295006934,-0.012278405960814531,0.2556609489108581,1096.8,859.86,1.325716666666669,1.325716666666669,1454.046040000003,1139.930733000002,335.2835625000001,339.4256875000001,IMF_IFS_realGDP_nsa_baseyear,IMF_IFS_realGDP_nsa_baseyear,2010,2010.0,interpolated from annual,local real GDP/worker jump dlog=0.26
BGR,Bulgaria,2012-Q4,2013-Q1,-0.25429911570631614,-22.454018485758375,-0.2876394979275769,0.0,-0.28763949792757515,-0.03334038222126079,-0.254299115706317,15679.203285166,20904.714353008,0.6768685803245588,0.6768685803245588,10612.76006825047,14149.74432621095,2855.019,2951.811,IMF_IFS_realGDP_nsa_baseyear,IMF_IFS_realGDP_nsa_baseyear,2010,2010.0,observed quarterly,USD GDP jump dlog=-0.29; local real GDP/worker jump dlog=-0.25
LSO,Lesotho,2020-Q1,2020-Q2,-0.25414174703519343,-22.441814217437017,-0.24234431208473595,0.0,-0.24234431208473595,0.01179743495045571,-0.2541417470351872,4226.47500075959,5385.51329016685,0.1218031451132286,0.1218031451132286,514.7979478349533,655.9724567914141,673.070475,665.1766250000001,IMF_IFS_realGDP_nsa_baseyear,IMF_IFS_realGDP_nsa_baseyear,2012,2012.0,interpolated from annual,local real GDP/worker jump dlog=-0.25
MDA,Moldova,2016-Q2,2016-Q3,0.25402949165891364,28.920982464357614,0.2670969377886401,0.0,0.2670969377886401,0.013067446129727323,0.25402949165891364,46605.3964887119,35681.0380677953,0.0531392683136882,0.0531392683136882,2476.576668879482,1896.064255595496,1620.805,1599.763,IMF_IFS_realGDP_nsa_baseyear,IMF_IFS_realGDP_nsa_baseyear,2015,2015.0,observed quarterly,USD GDP jump dlog=0.27; local real GDP/worker jump dlog=0.25
GEO,Georgia,2004-Q4,2005-Q1,-0.25312793720293847,-22.36314509509201,-0.26046686804587793,0.0,-0.2604668680458788,-0.007338930842937685,-0.2531279372029376,3274.62710519287,4248.9456492979,0.3548433455340304,0.3548433455340304,1161.979637383055,1507.71008918913,1756.777564783708,1769.717859722699,IMF_IFS_realGDP_nsa_baseyear,IMF_IFS_realGDP_nsa_baseyear,2019,2019.0,interpolated from annual,USD GDP jump dlog=-0.26; local real GDP/worker jump dlog=-0.25
BGR,Bulgaria,2008-Q4,2009-Q1,-0.25185941712036364,-22.264598694667793,-0.2823215241261767,0.0,-0.2823215241261767,-0.030462107005822858,-0.25185941712035653,15849.9848176,21020.330040135,0.6768685803245588,0.6768685803245588,10728.35672165472,14228.00095221985,3262.603,3363.518,IMF_IFS_realGDP_nsa_baseyear,IMF_IFS_realGDP_nsa_baseyear,2010,2010.0,observed quarterly,USD GDP jump dlog=-0.28; local real GDP/worker jump dlog=-0.25
MNE,Montenegro,2012-Q1,2012-Q2,0.25163639878498767,28.612831443990405,0.2291028266349704,0.0,0.2291028266349704,-0.022533572150029713,0.2516363987850099,748.247,595.041,1.325716666666669,1.325716666666669,991.9635186833352,788.8557710500015,215.934,220.855,IMF_IFS_realGDP_nsa_baseyear,IMF_IFS_realGDP_nsa_baseyear,2010,2010.0,observed quarterly,local real GDP/worker jump dlog=0.25
KOR,"Korea, Rep.",1968-Q4,1969-Q1,-0.250646199150963,-22.17023147651811,-0.15660729573790988,0.0,-0.15660729573790633,0.09403890341303978,-0.25064619915094655,14555000.0,17022600.0,0.0008472667527584,0.0008472667527584,12331.96758639827,14422.68302550485,8490.0,7728.0,IMF_IFS_NA (nsa_clv),IMF_IFS_NA (nsa_clv),2020,2020.0,observed quarterly,local real GDP/worker jump dlog=-0.25
